Type,Precision (P),Recall (R),Residual Recall (R+),F1,"# of TP","# of FP","# of FN","# of Correspondences",Time,Time (HH:MM:SS)
ALL,0.9090909090909091,0.5882352941176471,0.5882352941176471,0.7142857142857143,10,1,7,11,6208729373,00:00:06
CLASSES,0.0,0.0,0.0,0.0,0,0,0,0,-,-
PROPERTIES,0.0,0.0,0.0,0.0,0,0,0,0,-,-
INSTANCES,0.9090909090909091,0.5882352941176471,0.5882352941176471,0.7142857142857143,10,1,7,11,-,-
