Type,Precision (P),Recall (R),Residual Recall (R+),F1,"# of TP","# of FP","# of FN","# of Correspondences",Time,Time (HH:MM:SS)
ALL,0.25,0.058823529411764705,0.058823529411764705,0.09523809523809523,1,3,16,4,1609395665,00:00:01
CLASSES,0.0,0.0,0.0,0.0,0,0,0,0,-,-
PROPERTIES,0.0,0.0,0.0,0.0,0,0,0,0,-,-
INSTANCES,0.25,0.058823529411764705,0.058823529411764705,0.09523809523809523,1,3,16,4,-,-
