Track,TestCase,Matcher,Label Left,Comment Left,Type Left,URI Left,Relation,Confidence (Matcher),URI Right,Label Right,Comment Right,Type Right,Residual True Positive,Evaluation Result
dhmultiling,idai-pactols_de-de,logmap-kg-2026.tar.gz,[],[],"[""skos:Concept""]",http://thesauri.dainst.org/_f09b41b4,=,1.0,https://ark.frantiq.fr/ark:/26678/pcrt0Krn6QJlhU,[],[],"[""skos:Concept""]",true,true positive
dhmultiling,idai-pactols_de-de,logmap-kg-2026.tar.gz,[],[],"[""skos:Concept""]",http://thesauri.dainst.org/_ca4273ea,=,0.95,https://ark.frantiq.fr/ark:/26678/pcrtD19Y1kxWR4,[],[],"[""skos:Concept""]",false,false positive
dhmultiling,idai-pactols_de-de,logmap-kg-2026.tar.gz,[],[],"[""skos:Concept""]",http://thesauri.dainst.org/_af2f2dad,=,0.97,https://ark.frantiq.fr/ark:/26678/pcrtVgXu5JJGUg,[],[],"[""skos:Concept""]",true,true positive
dhmultiling,idai-pactols_de-de,logmap-kg-2026.tar.gz,[],[],"[""skos:Concept""]",http://thesauri.dainst.org/_dafb0ad8,=,0.98,https://ark.frantiq.fr/ark:/26678/pcrtfOjLfceAZ0,[],[],"[""skos:Concept""]",true,true positive
dhmultiling,idai-pactols_de-de,logmap-kg-2026.tar.gz,[],[],"[""skos:Concept""]",http://thesauri.dainst.org/_bd4d65a8,=,0.0,https://ark.frantiq.fr/ark:/26678/pcrtgWbicZTgZe,[],[],"[""skos:Concept""]",true,false negative
dhmultiling,idai-pactols_de-de,logmap-kg-2026.tar.gz,[],[],"[""skos:Concept""]",http://thesauri.dainst.org/_49517e78,=,0.96,https://ark.frantiq.fr/ark:/26678/pcrt36pke8yWxW,[],[],"[""skos:Concept""]",true,true positive
dhmultiling,idai-pactols_de-de,logmap-kg-2026.tar.gz,[],[],"[""skos:Concept""]",http://thesauri.dainst.org/_49462e56,=,0.98,https://ark.frantiq.fr/ark:/26678/pcrtVmQTWhdSkJ,[],[],"[""skos:Concept""]",true,true positive
dhmultiling,idai-pactols_de-de,logmap-kg-2026.tar.gz,[],[],"[""skos:Concept""]",http://thesauri.dainst.org/_1adf0150,=,0.97,https://ark.frantiq.fr/ark:/26678/pcrtpbgzj4c0da,[],[],"[""skos:Concept""]",true,true positive
dhmultiling,idai-pactols_de-de,logmap-kg-2026.tar.gz,[],[],"[""skos:Concept""]",http://thesauri.dainst.org/_2c06eae5,=,0.0,https://ark.frantiq.fr/ark:/26678/pcrtJUwAaZ7Nz9,[],[],"[""skos:Concept""]",true,false negative
dhmultiling,idai-pactols_de-de,logmap-kg-2026.tar.gz,[],[],"[""skos:Concept""]",http://thesauri.dainst.org/_a9e10cab,=,0.97,https://ark.frantiq.fr/ark:/26678/pcrtp5Wcpmp9I3,[],[],"[""skos:Concept""]",true,true positive
dhmultiling,idai-pactols_de-de,logmap-kg-2026.tar.gz,[],[],"[""skos:Concept""]",http://thesauri.dainst.org/_c40b4a1d,=,0.0,https://ark.frantiq.fr/ark:/26678/pcrtrMvNrtSOHs,[],[],"[""skos:Concept""]",true,false negative
dhmultiling,idai-pactols_de-de,logmap-kg-2026.tar.gz,[],[],"[""skos:Concept""]",http://thesauri.dainst.org/_68e1bd31,=,0.97,https://ark.frantiq.fr/ark:/26678/pcrt1FD59O4eTz,[],[],"[""skos:Concept""]",true,true positive
dhmultiling,idai-pactols_de-de,logmap-kg-2026.tar.gz,[],[],"[""skos:Concept""]",http://thesauri.dainst.org/_3ec72d64,=,0.96,https://ark.frantiq.fr/ark:/26678/pcrt7UXeYrS8Nb,[],[],"[""skos:Concept""]",true,true positive
dhmultiling,idai-pactols_de-de,logmap-kg-2026.tar.gz,[],[],[],http://thesauri.dainst.org/schema#memberOf,=,1.0,http://purl.org/umu/uneskos#memberOf,[],[],[],false,false positive
dhmultiling,idai-pactols_de-de,logmap-kg-2026.tar.gz,[],[],"[""skos:Concept""]",http://thesauri.dainst.org/_d3b9f438,=,1.0,https://ark.frantiq.fr/ark:/26678/pcrtKZYwYOkWlK,[],[],"[""skos:Concept""]",true,true positive
dhmultiling,idai-pactols_de-de,logmap-kg-2026.tar.gz,[],[],"[""skos:Concept""]",http://thesauri.dainst.org/_4688b7a6,=,0.0,https://ark.frantiq.fr/ark:/26678/pcrtF9P4mbuyGk,[],[],"[""skos:Concept""]",true,false negative
dhmultiling,idai-pactols_de-de,logmap-kg-2026.tar.gz,[],[],"[""skos:Concept""]",http://thesauri.dainst.org/_d321ff61,=,0.0,https://ark.frantiq.fr/ark:/26678/pcrtgWbicZTgZe,[],[],"[""skos:Concept""]",true,false negative
dhmultiling,idai-pactols_de-de,logmap-kg-2026.tar.gz,[],[],"[""skos:Concept""]",http://thesauri.dainst.org/_8b38cf01,=,0.0,https://ark.frantiq.fr/ark:/26678/pcrt0Krn6QJlhU,[],[],"[""skos:Concept""]",true,false negative
dhmultiling,idai-pactols_de-de,logmap-kg-2026.tar.gz,[],[],"[""skos:Concept""]",http://thesauri.dainst.org/_b02158bd,=,0.0,https://ark.frantiq.fr/ark:/26678/pcrtJUwAaZ7Nz9,[],[],"[""skos:Concept""]",true,false negative
dhmultiling,idai-pactols_de-fr,logmap-bio-2026.tar.gz,[],[],"[""skos:Concept""]",http://thesauri.dainst.org/_f09b41b4,=,0.0,https://ark.frantiq.fr/ark:/26678/pcrt0Krn6QJlhU,[],[],"[""skos:Concept""]",true,false negative
dhmultiling,idai-pactols_de-fr,logmap-bio-2026.tar.gz,[],[],"[""skos:Concept""]",http://thesauri.dainst.org/_af2f2dad,=,0.0,https://ark.frantiq.fr/ark:/26678/pcrtVgXu5JJGUg,[],[],"[""skos:Concept""]",true,false negative
dhmultiling,idai-pactols_de-fr,logmap-bio-2026.tar.gz,[],[],"[""skos:Concept""]",http://thesauri.dainst.org/_dafb0ad8,=,0.0,https://ark.frantiq.fr/ark:/26678/pcrtfOjLfceAZ0,[],[],"[""skos:Concept""]",true,false negative
dhmultiling,idai-pactols_de-fr,logmap-bio-2026.tar.gz,[],[],"[""skos:Concept""]",http://thesauri.dainst.org/_bd4d65a8,=,0.0,https://ark.frantiq.fr/ark:/26678/pcrtgWbicZTgZe,[],[],"[""skos:Concept""]",true,false negative
dhmultiling,idai-pactols_de-fr,logmap-bio-2026.tar.gz,[],[],"[""skos:Concept""]",http://thesauri.dainst.org/_49517e78,=,0.0,https://ark.frantiq.fr/ark:/26678/pcrt36pke8yWxW,[],[],"[""skos:Concept""]",true,false negative
dhmultiling,idai-pactols_de-fr,logmap-bio-2026.tar.gz,[],[],"[""skos:Concept""]",http://thesauri.dainst.org/_49462e56,=,0.0,https://ark.frantiq.fr/ark:/26678/pcrtVmQTWhdSkJ,[],[],"[""skos:Concept""]",true,false negative
dhmultiling,idai-pactols_de-fr,logmap-bio-2026.tar.gz,[],[],"[""skos:Concept""]",http://thesauri.dainst.org/_1adf0150,=,0.0,https://ark.frantiq.fr/ark:/26678/pcrtpbgzj4c0da,[],[],"[""skos:Concept""]",true,false negative
dhmultiling,idai-pactols_de-fr,logmap-bio-2026.tar.gz,[],[],"[""skos:Concept""]",http://thesauri.dainst.org/_2c06eae5,=,0.0,https://ark.frantiq.fr/ark:/26678/pcrtJUwAaZ7Nz9,[],[],"[""skos:Concept""]",true,false negative
dhmultiling,idai-pactols_de-fr,logmap-bio-2026.tar.gz,[],[],"[""skos:Concept""]",http://thesauri.dainst.org/_a9e10cab,=,0.0,https://ark.frantiq.fr/ark:/26678/pcrtp5Wcpmp9I3,[],[],"[""skos:Concept""]",true,false negative
dhmultiling,idai-pactols_de-fr,logmap-bio-2026.tar.gz,[],[],"[""skos:Concept""]",http://thesauri.dainst.org/_c40b4a1d,=,0.0,https://ark.frantiq.fr/ark:/26678/pcrtrMvNrtSOHs,[],[],"[""skos:Concept""]",true,false negative
dhmultiling,idai-pactols_de-fr,logmap-bio-2026.tar.gz,[],[],"[""skos:Concept""]",http://thesauri.dainst.org/_68e1bd31,=,0.0,https://ark.frantiq.fr/ark:/26678/pcrt1FD59O4eTz,[],[],"[""skos:Concept""]",true,false negative
dhmultiling,idai-pactols_de-fr,logmap-bio-2026.tar.gz,[],[],"[""skos:Concept""]",http://thesauri.dainst.org/_3ec72d64,=,0.0,https://ark.frantiq.fr/ark:/26678/pcrt7UXeYrS8Nb,[],[],"[""skos:Concept""]",true,false negative
dhmultiling,idai-pactols_de-fr,logmap-bio-2026.tar.gz,[],[],[],http://thesauri.dainst.org/schema#memberOf,=,1.0,http://purl.org/umu/uneskos#memberOf,[],[],[],false,false positive
dhmultiling,idai-pactols_de-fr,logmap-bio-2026.tar.gz,[],[],"[""skos:Concept""]",http://thesauri.dainst.org/_d3b9f438,=,0.0,https://ark.frantiq.fr/ark:/26678/pcrtKZYwYOkWlK,[],[],"[""skos:Concept""]",true,false negative
dhmultiling,idai-pactols_de-fr,logmap-bio-2026.tar.gz,[],[],"[""skos:Concept""]",http://thesauri.dainst.org/_4688b7a6,=,0.0,https://ark.frantiq.fr/ark:/26678/pcrtF9P4mbuyGk,[],[],"[""skos:Concept""]",true,false negative
dhmultiling,idai-pactols_de-fr,logmap-bio-2026.tar.gz,[],[],"[""skos:Concept""]",http://thesauri.dainst.org/_d321ff61,=,0.0,https://ark.frantiq.fr/ark:/26678/pcrtgWbicZTgZe,[],[],"[""skos:Concept""]",true,false negative
dhmultiling,idai-pactols_de-fr,logmap-bio-2026.tar.gz,[],[],"[""skos:Concept""]",http://thesauri.dainst.org/_8b38cf01,=,0.0,https://ark.frantiq.fr/ark:/26678/pcrt0Krn6QJlhU,[],[],"[""skos:Concept""]",true,false negative
dhmultiling,idai-pactols_de-fr,logmap-bio-2026.tar.gz,[],[],"[""skos:Concept""]",http://thesauri.dainst.org/_b02158bd,=,0.0,https://ark.frantiq.fr/ark:/26678/pcrtJUwAaZ7Nz9,[],[],"[""skos:Concept""]",true,false negative
dhmultiling,idai-pactols_de-fr,logmap-lite-2026.tar.gz,[],[],"[""skos:Concept""]",http://thesauri.dainst.org/_f09b41b4,=,0.0,https://ark.frantiq.fr/ark:/26678/pcrt0Krn6QJlhU,[],[],"[""skos:Concept""]",true,false negative
dhmultiling,idai-pactols_de-fr,logmap-lite-2026.tar.gz,[],[],"[""skos:Concept""]",http://thesauri.dainst.org/_af2f2dad,=,0.0,https://ark.frantiq.fr/ark:/26678/pcrtVgXu5JJGUg,[],[],"[""skos:Concept""]",true,false negative
dhmultiling,idai-pactols_de-fr,logmap-lite-2026.tar.gz,[],[],"[""skos:Concept""]",http://thesauri.dainst.org/_dafb0ad8,=,0.0,https://ark.frantiq.fr/ark:/26678/pcrtfOjLfceAZ0,[],[],"[""skos:Concept""]",true,false negative
dhmultiling,idai-pactols_de-fr,logmap-lite-2026.tar.gz,[],[],"[""skos:Concept""]",http://thesauri.dainst.org/_bd4d65a8,=,0.0,https://ark.frantiq.fr/ark:/26678/pcrtgWbicZTgZe,[],[],"[""skos:Concept""]",true,false negative
dhmultiling,idai-pactols_de-fr,logmap-lite-2026.tar.gz,[],[],"[""skos:Concept""]",http://thesauri.dainst.org/_49517e78,=,0.0,https://ark.frantiq.fr/ark:/26678/pcrt36pke8yWxW,[],[],"[""skos:Concept""]",true,false negative
dhmultiling,idai-pactols_de-fr,logmap-lite-2026.tar.gz,[],[],"[""skos:Concept""]",http://thesauri.dainst.org/_49462e56,=,0.0,https://ark.frantiq.fr/ark:/26678/pcrtVmQTWhdSkJ,[],[],"[""skos:Concept""]",true,false negative
dhmultiling,idai-pactols_de-fr,logmap-lite-2026.tar.gz,[],[],"[""skos:Concept""]",http://thesauri.dainst.org/_1adf0150,=,0.0,https://ark.frantiq.fr/ark:/26678/pcrtpbgzj4c0da,[],[],"[""skos:Concept""]",true,false negative
dhmultiling,idai-pactols_de-fr,logmap-lite-2026.tar.gz,[],[],"[""skos:Concept""]",http://thesauri.dainst.org/_2c06eae5,=,0.0,https://ark.frantiq.fr/ark:/26678/pcrtJUwAaZ7Nz9,[],[],"[""skos:Concept""]",true,false negative
dhmultiling,idai-pactols_de-fr,logmap-lite-2026.tar.gz,[],[],"[""skos:Concept""]",http://thesauri.dainst.org/_a9e10cab,=,0.0,https://ark.frantiq.fr/ark:/26678/pcrtp5Wcpmp9I3,[],[],"[""skos:Concept""]",true,false negative
dhmultiling,idai-pactols_de-fr,logmap-lite-2026.tar.gz,[],[],"[""skos:Concept""]",http://thesauri.dainst.org/_c40b4a1d,=,0.0,https://ark.frantiq.fr/ark:/26678/pcrtrMvNrtSOHs,[],[],"[""skos:Concept""]",true,false negative
dhmultiling,idai-pactols_de-fr,logmap-lite-2026.tar.gz,[],[],"[""skos:Concept""]",http://thesauri.dainst.org/_68e1bd31,=,0.0,https://ark.frantiq.fr/ark:/26678/pcrt1FD59O4eTz,[],[],"[""skos:Concept""]",true,false negative
dhmultiling,idai-pactols_de-fr,logmap-lite-2026.tar.gz,[],[],"[""skos:Concept""]",http://thesauri.dainst.org/_3ec72d64,=,0.0,https://ark.frantiq.fr/ark:/26678/pcrt7UXeYrS8Nb,[],[],"[""skos:Concept""]",true,false negative
dhmultiling,idai-pactols_de-fr,logmap-lite-2026.tar.gz,"[""Concept""]",[],"[""owl:Class""]",http://www.w3.org/2004/02/skos/core#Concept,=,1.0,http://www.w3.org/2004/02/skos/core#Concept,"[""Concept""]",[],"[""owl:Class""]",false,false positive
dhmultiling,idai-pactols_de-fr,logmap-lite-2026.tar.gz,[],[],"[""skos:Concept""]",http://thesauri.dainst.org/_d3b9f438,=,0.0,https://ark.frantiq.fr/ark:/26678/pcrtKZYwYOkWlK,[],[],"[""skos:Concept""]",true,false negative
dhmultiling,idai-pactols_de-fr,logmap-lite-2026.tar.gz,[],[],"[""skos:Concept""]",http://thesauri.dainst.org/_4688b7a6,=,0.0,https://ark.frantiq.fr/ark:/26678/pcrtF9P4mbuyGk,[],[],"[""skos:Concept""]",true,false negative
dhmultiling,idai-pactols_de-fr,logmap-lite-2026.tar.gz,[],[],"[""skos:Concept""]",http://thesauri.dainst.org/_d321ff61,=,0.0,https://ark.frantiq.fr/ark:/26678/pcrtgWbicZTgZe,[],[],"[""skos:Concept""]",true,false negative
dhmultiling,idai-pactols_de-fr,logmap-lite-2026.tar.gz,[],[],"[""skos:Concept""]",http://thesauri.dainst.org/_8b38cf01,=,0.0,https://ark.frantiq.fr/ark:/26678/pcrt0Krn6QJlhU,[],[],"[""skos:Concept""]",true,false negative
dhmultiling,idai-pactols_de-fr,logmap-lite-2026.tar.gz,[],[],"[""skos:Concept""]",http://thesauri.dainst.org/_b02158bd,=,0.0,https://ark.frantiq.fr/ark:/26678/pcrtJUwAaZ7Nz9,[],[],"[""skos:Concept""]",true,false negative
dhmultiling,idai-pactols_de-fr,logmap-2026.tar.gz,[],[],"[""skos:Concept""]",http://thesauri.dainst.org/_f09b41b4,=,0.0,https://ark.frantiq.fr/ark:/26678/pcrt0Krn6QJlhU,[],[],"[""skos:Concept""]",true,false negative
dhmultiling,idai-pactols_de-fr,logmap-2026.tar.gz,[],[],"[""skos:Concept""]",http://thesauri.dainst.org/_af2f2dad,=,0.0,https://ark.frantiq.fr/ark:/26678/pcrtVgXu5JJGUg,[],[],"[""skos:Concept""]",true,false negative
dhmultiling,idai-pactols_de-fr,logmap-2026.tar.gz,[],[],"[""skos:Concept""]",http://thesauri.dainst.org/_dafb0ad8,=,0.0,https://ark.frantiq.fr/ark:/26678/pcrtfOjLfceAZ0,[],[],"[""skos:Concept""]",true,false negative
dhmultiling,idai-pactols_de-fr,logmap-2026.tar.gz,[],[],"[""skos:Concept""]",http://thesauri.dainst.org/_bd4d65a8,=,0.0,https://ark.frantiq.fr/ark:/26678/pcrtgWbicZTgZe,[],[],"[""skos:Concept""]",true,false negative
dhmultiling,idai-pactols_de-fr,logmap-2026.tar.gz,[],[],"[""skos:Concept""]",http://thesauri.dainst.org/_49517e78,=,0.0,https://ark.frantiq.fr/ark:/26678/pcrt36pke8yWxW,[],[],"[""skos:Concept""]",true,false negative
dhmultiling,idai-pactols_de-fr,logmap-2026.tar.gz,[],[],"[""skos:Concept""]",http://thesauri.dainst.org/_49462e56,=,0.0,https://ark.frantiq.fr/ark:/26678/pcrtVmQTWhdSkJ,[],[],"[""skos:Concept""]",true,false negative
dhmultiling,idai-pactols_de-fr,logmap-2026.tar.gz,[],[],"[""skos:Concept""]",http://thesauri.dainst.org/_1adf0150,=,0.0,https://ark.frantiq.fr/ark:/26678/pcrtpbgzj4c0da,[],[],"[""skos:Concept""]",true,false negative
dhmultiling,idai-pactols_de-fr,logmap-2026.tar.gz,[],[],"[""skos:Concept""]",http://thesauri.dainst.org/_2c06eae5,=,0.0,https://ark.frantiq.fr/ark:/26678/pcrtJUwAaZ7Nz9,[],[],"[""skos:Concept""]",true,false negative
dhmultiling,idai-pactols_de-fr,logmap-2026.tar.gz,[],[],"[""skos:Concept""]",http://thesauri.dainst.org/_a9e10cab,=,0.0,https://ark.frantiq.fr/ark:/26678/pcrtp5Wcpmp9I3,[],[],"[""skos:Concept""]",true,false negative
dhmultiling,idai-pactols_de-fr,logmap-2026.tar.gz,[],[],"[""skos:Concept""]",http://thesauri.dainst.org/_c40b4a1d,=,0.0,https://ark.frantiq.fr/ark:/26678/pcrtrMvNrtSOHs,[],[],"[""skos:Concept""]",true,false negative
dhmultiling,idai-pactols_de-fr,logmap-2026.tar.gz,[],[],"[""skos:Concept""]",http://thesauri.dainst.org/_68e1bd31,=,0.0,https://ark.frantiq.fr/ark:/26678/pcrt1FD59O4eTz,[],[],"[""skos:Concept""]",true,false negative
dhmultiling,idai-pactols_de-fr,logmap-2026.tar.gz,[],[],"[""skos:Concept""]",http://thesauri.dainst.org/_3ec72d64,=,0.0,https://ark.frantiq.fr/ark:/26678/pcrt7UXeYrS8Nb,[],[],"[""skos:Concept""]",true,false negative
dhmultiling,idai-pactols_de-fr,logmap-2026.tar.gz,[],[],[],http://thesauri.dainst.org/schema#memberOf,=,1.0,http://purl.org/umu/uneskos#memberOf,[],[],[],false,false positive
dhmultiling,idai-pactols_de-fr,logmap-2026.tar.gz,[],[],"[""skos:Concept""]",http://thesauri.dainst.org/_d3b9f438,=,0.0,https://ark.frantiq.fr/ark:/26678/pcrtKZYwYOkWlK,[],[],"[""skos:Concept""]",true,false negative
dhmultiling,idai-pactols_de-fr,logmap-2026.tar.gz,[],[],"[""skos:Concept""]",http://thesauri.dainst.org/_4688b7a6,=,0.0,https://ark.frantiq.fr/ark:/26678/pcrtF9P4mbuyGk,[],[],"[""skos:Concept""]",true,false negative
dhmultiling,idai-pactols_de-fr,logmap-2026.tar.gz,[],[],"[""skos:Concept""]",http://thesauri.dainst.org/_d321ff61,=,0.0,https://ark.frantiq.fr/ark:/26678/pcrtgWbicZTgZe,[],[],"[""skos:Concept""]",true,false negative
dhmultiling,idai-pactols_de-fr,logmap-2026.tar.gz,[],[],"[""skos:Concept""]",http://thesauri.dainst.org/_8b38cf01,=,0.0,https://ark.frantiq.fr/ark:/26678/pcrt0Krn6QJlhU,[],[],"[""skos:Concept""]",true,false negative
dhmultiling,idai-pactols_de-fr,logmap-2026.tar.gz,[],[],"[""skos:Concept""]",http://thesauri.dainst.org/_b02158bd,=,0.0,https://ark.frantiq.fr/ark:/26678/pcrtJUwAaZ7Nz9,[],[],"[""skos:Concept""]",true,false negative
dhmultiling,idai-pactols_en-fr,logmap-kg-2026.tar.gz,[],[],"[""skos:Concept""]",http://thesauri.dainst.org/_2c06eae5,=,0.0,https://ark.frantiq.fr/ark:/26678/pcrtJUwAaZ7Nz9,[],[],"[""skos:Concept""]",true,false negative
dhmultiling,idai-pactols_en-fr,logmap-kg-2026.tar.gz,[],[],"[""skos:Concept""]",http://thesauri.dainst.org/_c40b4a1d,=,0.0,https://ark.frantiq.fr/ark:/26678/pcrtrMvNrtSOHs,[],[],"[""skos:Concept""]",true,false negative
dhmultiling,idai-pactols_en-fr,logmap-kg-2026.tar.gz,[],[],[],http://thesauri.dainst.org/schema#memberOf,=,1.0,http://purl.org/umu/uneskos#memberOf,[],[],[],false,false positive
dhmultiling,idai-pactols_en-fr,logmap-kg-2026.tar.gz,[],[],"[""skos:Concept""]",http://thesauri.dainst.org/_bd4d65a8,=,0.0,https://ark.frantiq.fr/ark:/26678/pcrtgWbicZTgZe,[],[],"[""skos:Concept""]",true,false negative
dhmultiling,idai-pactols_en-fr,logmap-kg-2026.tar.gz,[],[],"[""skos:Concept""]",http://thesauri.dainst.org/_4688b7a6,=,0.0,https://ark.frantiq.fr/ark:/26678/pcrtF9P4mbuyGk,[],[],"[""skos:Concept""]",true,false negative
dhmultiling,idai-pactols_en-fr,logmap-kg-2026.tar.gz,[],[],"[""skos:Concept""]",http://thesauri.dainst.org/_8b38cf01,=,1.0,https://ark.frantiq.fr/ark:/26678/pcrt0Krn6QJlhU,[],[],"[""skos:Concept""]",true,true positive
dhmultiling,idai-pactols_en-fr,logmap-kg-2026.tar.gz,[],[],"[""skos:Concept""]",http://thesauri.dainst.org/_b02158bd,=,0.0,https://ark.frantiq.fr/ark:/26678/pcrtJUwAaZ7Nz9,[],[],"[""skos:Concept""]",true,false negative
dhmultiling,idai-pactols_it-it,logmap-kg-2026.tar.gz,[],[],"[""skos:Concept""]",http://thesauri.dainst.org/_fd86e2ca,=,1.0,https://ark.frantiq.fr/ark:/26678/pcrtNU9yWjKe6U,[],[],"[""skos:Concept""]",false,false positive
dhmultiling,idai-pactols_it-it,logmap-kg-2026.tar.gz,[],[],"[""skos:Concept""]",http://thesauri.dainst.org/_79da6a36,=,1.0,https://ark.frantiq.fr/ark:/26678/pcrt5MQsnfNDTD,[],[],"[""skos:Concept""]",false,false positive
dhmultiling,idai-pactols_it-it,logmap-kg-2026.tar.gz,[],[],"[""skos:Concept""]",http://thesauri.dainst.org/_3b6ae39b,=,0.8,https://ark.frantiq.fr/ark:/26678/pcrtpZqoqAbrdg,[],[],"[""skos:Concept""]",false,false positive
dhmultiling,idai-pactols_it-it,logmap-kg-2026.tar.gz,[],[],"[""skos:Concept""]",http://thesauri.dainst.org/_e0531417,=,1.0,https://ark.frantiq.fr/ark:/26678/pcrtms2OAv82PY,[],[],"[""skos:Concept""]",false,false positive
dhmultiling,idai-pactols_it-it,logmap-kg-2026.tar.gz,[],[],"[""skos:Concept""]",http://thesauri.dainst.org/_e303d28e,=,0.83,https://ark.frantiq.fr/ark:/26678/pcrt9gfvI45Kcj,[],[],"[""skos:Concept""]",false,false positive
dhmultiling,idai-pactols_it-it,logmap-kg-2026.tar.gz,[],[],"[""skos:Concept""]",http://thesauri.dainst.org/_7331ad90,=,1.0,https://ark.frantiq.fr/ark:/26678/pcrtSp0Bn88zX1,[],[],"[""skos:Concept""]",false,false positive
dhmultiling,idai-pactols_it-it,logmap-kg-2026.tar.gz,[],[],"[""skos:Concept""]",http://thesauri.dainst.org/_2c06eae5,=,0.0,https://ark.frantiq.fr/ark:/26678/pcrtJUwAaZ7Nz9,[],[],"[""skos:Concept""]",true,false negative
dhmultiling,idai-pactols_it-it,logmap-kg-2026.tar.gz,[],[],"[""skos:Concept""]",http://thesauri.dainst.org/_c40b4a1d,=,0.0,https://ark.frantiq.fr/ark:/26678/pcrtrMvNrtSOHs,[],[],"[""skos:Concept""]",true,false negative
dhmultiling,idai-pactols_it-it,logmap-kg-2026.tar.gz,[],[],[],http://thesauri.dainst.org/schema#memberOf,=,1.0,http://purl.org/umu/uneskos#memberOf,[],[],[],false,false positive
dhmultiling,idai-pactols_it-it,logmap-kg-2026.tar.gz,[],[],"[""skos:Concept""]",http://thesauri.dainst.org/_87a30753,=,1.0,https://ark.frantiq.fr/ark:/26678/pcrtxKnfzXYMxK,[],[],"[""skos:Concept""]",false,false positive
dhmultiling,idai-pactols_it-it,logmap-kg-2026.tar.gz,[],[],"[""skos:Concept""]",http://thesauri.dainst.org/_7020590d,=,1.0,https://ark.frantiq.fr/ark:/26678/pcrt9PJh9aTXv4,[],[],"[""skos:Concept""]",false,false positive
dhmultiling,idai-pactols_it-it,logmap-kg-2026.tar.gz,[],[],"[""skos:Concept""]",http://thesauri.dainst.org/_4688b7a6,=,1.0,https://ark.frantiq.fr/ark:/26678/pcrtF9P4mbuyGk,[],[],"[""skos:Concept""]",true,true positive
dhmultiling,idai-pactols_it-it,logmap-kg-2026.tar.gz,[],[],"[""skos:Concept""]",http://thesauri.dainst.org/_b02158bd,=,0.0,https://ark.frantiq.fr/ark:/26678/pcrtJUwAaZ7Nz9,[],[],"[""skos:Concept""]",true,false negative
dhmultiling,idai-pactols_it-it,logmap-kg-2026.tar.gz,[],[],"[""skos:Concept""]",http://thesauri.dainst.org/_2f0a0fae,=,0.83,https://ark.frantiq.fr/ark:/26678/pcrtQY3u48DUrQ,[],[],"[""skos:Concept""]",false,false positive
dhmultiling,idai-pactols_de-it,lsmatch-multilingual-2026.tar.gz,[],[],"[""skos:Concept""]",http://thesauri.dainst.org/_f09b41b4,=,0.0,https://ark.frantiq.fr/ark:/26678/pcrt0Krn6QJlhU,[],[],"[""skos:Concept""]",true,false negative
dhmultiling,idai-pactols_de-it,lsmatch-multilingual-2026.tar.gz,[],[],"[""skos:Concept""]",http://thesauri.dainst.org/_af2f2dad,=,0.0,https://ark.frantiq.fr/ark:/26678/pcrtVgXu5JJGUg,[],[],"[""skos:Concept""]",true,false negative
dhmultiling,idai-pactols_de-it,lsmatch-multilingual-2026.tar.gz,[],[],"[""skos:Concept""]",http://thesauri.dainst.org/_dafb0ad8,=,0.0,https://ark.frantiq.fr/ark:/26678/pcrtfOjLfceAZ0,[],[],"[""skos:Concept""]",true,false negative
dhmultiling,idai-pactols_de-it,lsmatch-multilingual-2026.tar.gz,[],[],"[""skos:Concept""]",http://thesauri.dainst.org/_bd4d65a8,=,0.0,https://ark.frantiq.fr/ark:/26678/pcrtgWbicZTgZe,[],[],"[""skos:Concept""]",true,false negative
dhmultiling,idai-pactols_de-it,lsmatch-multilingual-2026.tar.gz,[],[],"[""skos:Concept""]",http://thesauri.dainst.org/_49517e78,=,0.0,https://ark.frantiq.fr/ark:/26678/pcrt36pke8yWxW,[],[],"[""skos:Concept""]",true,false negative
dhmultiling,idai-pactols_de-it,lsmatch-multilingual-2026.tar.gz,[],[],"[""skos:Concept""]",http://thesauri.dainst.org/_49462e56,=,0.0,https://ark.frantiq.fr/ark:/26678/pcrtVmQTWhdSkJ,[],[],"[""skos:Concept""]",true,false negative
dhmultiling,idai-pactols_de-it,lsmatch-multilingual-2026.tar.gz,[],[],"[""skos:Concept""]",http://thesauri.dainst.org/_1adf0150,=,0.0,https://ark.frantiq.fr/ark:/26678/pcrtpbgzj4c0da,[],[],"[""skos:Concept""]",true,false negative
dhmultiling,idai-pactols_de-it,lsmatch-multilingual-2026.tar.gz,[],[],"[""skos:Concept""]",http://thesauri.dainst.org/_2c06eae5,=,0.0,https://ark.frantiq.fr/ark:/26678/pcrtJUwAaZ7Nz9,[],[],"[""skos:Concept""]",true,false negative
dhmultiling,idai-pactols_de-it,lsmatch-multilingual-2026.tar.gz,[],[],"[""skos:Concept""]",http://thesauri.dainst.org/_a9e10cab,=,0.0,https://ark.frantiq.fr/ark:/26678/pcrtp5Wcpmp9I3,[],[],"[""skos:Concept""]",true,false negative
dhmultiling,idai-pactols_de-it,lsmatch-multilingual-2026.tar.gz,[],[],"[""skos:Concept""]",http://thesauri.dainst.org/_c40b4a1d,=,0.0,https://ark.frantiq.fr/ark:/26678/pcrtrMvNrtSOHs,[],[],"[""skos:Concept""]",true,false negative
dhmultiling,idai-pactols_de-it,lsmatch-multilingual-2026.tar.gz,[],[],"[""skos:Concept""]",http://thesauri.dainst.org/_68e1bd31,=,0.0,https://ark.frantiq.fr/ark:/26678/pcrt1FD59O4eTz,[],[],"[""skos:Concept""]",true,false negative
dhmultiling,idai-pactols_de-it,lsmatch-multilingual-2026.tar.gz,[],[],"[""skos:Concept""]",http://thesauri.dainst.org/_3ec72d64,=,0.0,https://ark.frantiq.fr/ark:/26678/pcrt7UXeYrS8Nb,[],[],"[""skos:Concept""]",true,false negative
dhmultiling,idai-pactols_de-it,lsmatch-multilingual-2026.tar.gz,"[""Concept""]",[],"[""owl:Class""]",http://www.w3.org/2004/02/skos/core#Concept,=,1.0,http://www.w3.org/2004/02/skos/core#Concept,"[""Concept""]",[],"[""owl:Class""]",false,false positive
dhmultiling,idai-pactols_de-it,lsmatch-multilingual-2026.tar.gz,[],[],"[""skos:Concept""]",http://thesauri.dainst.org/_d3b9f438,=,0.0,https://ark.frantiq.fr/ark:/26678/pcrtKZYwYOkWlK,[],[],"[""skos:Concept""]",true,false negative
dhmultiling,idai-pactols_de-it,lsmatch-multilingual-2026.tar.gz,[],[],"[""skos:Concept""]",http://thesauri.dainst.org/_4688b7a6,=,0.0,https://ark.frantiq.fr/ark:/26678/pcrtF9P4mbuyGk,[],[],"[""skos:Concept""]",true,false negative
dhmultiling,idai-pactols_de-it,lsmatch-multilingual-2026.tar.gz,[],[],"[""skos:Concept""]",http://thesauri.dainst.org/_d321ff61,=,0.0,https://ark.frantiq.fr/ark:/26678/pcrtgWbicZTgZe,[],[],"[""skos:Concept""]",true,false negative
dhmultiling,idai-pactols_de-it,lsmatch-multilingual-2026.tar.gz,[],[],"[""skos:Concept""]",http://thesauri.dainst.org/_8b38cf01,=,0.0,https://ark.frantiq.fr/ark:/26678/pcrt0Krn6QJlhU,[],[],"[""skos:Concept""]",true,false negative
dhmultiling,idai-pactols_de-it,lsmatch-multilingual-2026.tar.gz,[],[],"[""skos:Concept""]",http://thesauri.dainst.org/_b02158bd,=,0.0,https://ark.frantiq.fr/ark:/26678/pcrtJUwAaZ7Nz9,[],[],"[""skos:Concept""]",true,false negative
dhmultiling,idai-pactols_de-en,lsmatch-multilingual-2026.tar.gz,[],[],"[""skos:Concept""]",http://thesauri.dainst.org/_f09b41b4,=,0.0,https://ark.frantiq.fr/ark:/26678/pcrt0Krn6QJlhU,[],[],"[""skos:Concept""]",true,false negative
dhmultiling,idai-pactols_de-en,lsmatch-multilingual-2026.tar.gz,[],[],"[""skos:Concept""]",http://thesauri.dainst.org/_af2f2dad,=,0.0,https://ark.frantiq.fr/ark:/26678/pcrtVgXu5JJGUg,[],[],"[""skos:Concept""]",true,false negative
dhmultiling,idai-pactols_de-en,lsmatch-multilingual-2026.tar.gz,[],[],"[""skos:Concept""]",http://thesauri.dainst.org/_dafb0ad8,=,0.0,https://ark.frantiq.fr/ark:/26678/pcrtfOjLfceAZ0,[],[],"[""skos:Concept""]",true,false negative
dhmultiling,idai-pactols_de-en,lsmatch-multilingual-2026.tar.gz,[],[],"[""skos:Concept""]",http://thesauri.dainst.org/_bd4d65a8,=,0.0,https://ark.frantiq.fr/ark:/26678/pcrtgWbicZTgZe,[],[],"[""skos:Concept""]",true,false negative
dhmultiling,idai-pactols_de-en,lsmatch-multilingual-2026.tar.gz,[],[],"[""skos:Concept""]",http://thesauri.dainst.org/_49517e78,=,0.0,https://ark.frantiq.fr/ark:/26678/pcrt36pke8yWxW,[],[],"[""skos:Concept""]",true,false negative
dhmultiling,idai-pactols_de-en,lsmatch-multilingual-2026.tar.gz,[],[],"[""skos:Concept""]",http://thesauri.dainst.org/_49462e56,=,0.0,https://ark.frantiq.fr/ark:/26678/pcrtVmQTWhdSkJ,[],[],"[""skos:Concept""]",true,false negative
dhmultiling,idai-pactols_de-en,lsmatch-multilingual-2026.tar.gz,[],[],"[""skos:Concept""]",http://thesauri.dainst.org/_1adf0150,=,0.0,https://ark.frantiq.fr/ark:/26678/pcrtpbgzj4c0da,[],[],"[""skos:Concept""]",true,false negative
dhmultiling,idai-pactols_de-en,lsmatch-multilingual-2026.tar.gz,[],[],"[""skos:Concept""]",http://thesauri.dainst.org/_2c06eae5,=,0.0,https://ark.frantiq.fr/ark:/26678/pcrtJUwAaZ7Nz9,[],[],"[""skos:Concept""]",true,false negative
dhmultiling,idai-pactols_de-en,lsmatch-multilingual-2026.tar.gz,[],[],"[""skos:Concept""]",http://thesauri.dainst.org/_a9e10cab,=,0.0,https://ark.frantiq.fr/ark:/26678/pcrtp5Wcpmp9I3,[],[],"[""skos:Concept""]",true,false negative
dhmultiling,idai-pactols_de-en,lsmatch-multilingual-2026.tar.gz,[],[],"[""skos:Concept""]",http://thesauri.dainst.org/_c40b4a1d,=,0.0,https://ark.frantiq.fr/ark:/26678/pcrtrMvNrtSOHs,[],[],"[""skos:Concept""]",true,false negative
dhmultiling,idai-pactols_de-en,lsmatch-multilingual-2026.tar.gz,[],[],"[""skos:Concept""]",http://thesauri.dainst.org/_68e1bd31,=,0.0,https://ark.frantiq.fr/ark:/26678/pcrt1FD59O4eTz,[],[],"[""skos:Concept""]",true,false negative
dhmultiling,idai-pactols_de-en,lsmatch-multilingual-2026.tar.gz,[],[],"[""skos:Concept""]",http://thesauri.dainst.org/_3ec72d64,=,0.0,https://ark.frantiq.fr/ark:/26678/pcrt7UXeYrS8Nb,[],[],"[""skos:Concept""]",true,false negative
dhmultiling,idai-pactols_de-en,lsmatch-multilingual-2026.tar.gz,"[""Concept""]",[],"[""owl:Class""]",http://www.w3.org/2004/02/skos/core#Concept,=,1.0,http://www.w3.org/2004/02/skos/core#Concept,"[""Concept""]",[],"[""owl:Class""]",false,false positive
dhmultiling,idai-pactols_de-en,lsmatch-multilingual-2026.tar.gz,[],[],"[""skos:Concept""]",http://thesauri.dainst.org/_d3b9f438,=,0.0,https://ark.frantiq.fr/ark:/26678/pcrtKZYwYOkWlK,[],[],"[""skos:Concept""]",true,false negative
dhmultiling,idai-pactols_de-en,lsmatch-multilingual-2026.tar.gz,[],[],"[""skos:Concept""]",http://thesauri.dainst.org/_4688b7a6,=,0.0,https://ark.frantiq.fr/ark:/26678/pcrtF9P4mbuyGk,[],[],"[""skos:Concept""]",true,false negative
dhmultiling,idai-pactols_de-en,lsmatch-multilingual-2026.tar.gz,[],[],"[""skos:Concept""]",http://thesauri.dainst.org/_d321ff61,=,0.0,https://ark.frantiq.fr/ark:/26678/pcrtgWbicZTgZe,[],[],"[""skos:Concept""]",true,false negative
dhmultiling,idai-pactols_de-en,lsmatch-multilingual-2026.tar.gz,[],[],"[""skos:Concept""]",http://thesauri.dainst.org/_8b38cf01,=,0.0,https://ark.frantiq.fr/ark:/26678/pcrt0Krn6QJlhU,[],[],"[""skos:Concept""]",true,false negative
dhmultiling,idai-pactols_de-en,lsmatch-multilingual-2026.tar.gz,[],[],"[""skos:Concept""]",http://thesauri.dainst.org/_b02158bd,=,0.0,https://ark.frantiq.fr/ark:/26678/pcrtJUwAaZ7Nz9,[],[],"[""skos:Concept""]",true,false negative
dhmultiling,idai-pactols_fr-it,tim-2026.tar.gz,[],[],"[""skos:Concept""]",http://thesauri.dainst.org/_c06aa9a1,=,1.0,https://ark.frantiq.fr/ark:/26678/pcrtgWbicZTgZe,[],[],"[""skos:Concept""]",false,false positive
dhmultiling,idai-pactols_fr-it,tim-2026.tar.gz,[],[],"[""skos:Concept""]",http://thesauri.dainst.org/_2c06eae5,=,0.0,https://ark.frantiq.fr/ark:/26678/pcrtJUwAaZ7Nz9,[],[],"[""skos:Concept""]",true,false negative
dhmultiling,idai-pactols_fr-it,tim-2026.tar.gz,[],[],"[""skos:Concept""]",http://thesauri.dainst.org/_c40b4a1d,=,0.0,https://ark.frantiq.fr/ark:/26678/pcrtrMvNrtSOHs,[],[],"[""skos:Concept""]",true,false negative
dhmultiling,idai-pactols_fr-it,tim-2026.tar.gz,[],[],[],http://thesauri.dainst.org/schema#memberOf,=,1.0,http://purl.org/umu/uneskos#memberOf,[],[],[],false,false positive
dhmultiling,idai-pactols_fr-it,tim-2026.tar.gz,"[""Concept""]",[],"[""owl:Class""]",http://www.w3.org/2004/02/skos/core#Concept,=,1.0,http://www.w3.org/2004/02/skos/core#Concept,"[""Concept""]",[],"[""owl:Class""]",false,false positive
dhmultiling,idai-pactols_fr-it,tim-2026.tar.gz,[],[],"[""skos:Concept""]",http://thesauri.dainst.org/_4688b7a6,=,0.0,https://ark.frantiq.fr/ark:/26678/pcrtF9P4mbuyGk,[],[],"[""skos:Concept""]",true,false negative
dhmultiling,idai-pactols_fr-it,tim-2026.tar.gz,[],[],"[""skos:Concept""]",http://thesauri.dainst.org/_b02158bd,=,0.0,https://ark.frantiq.fr/ark:/26678/pcrtJUwAaZ7Nz9,[],[],"[""skos:Concept""]",true,false negative
dhmultiling,idai-pactols_fr-it,tim-2026.tar.gz,[],[],"[""skos:Concept""]",http://thesauri.dainst.org/_324e083e,=,1.0,https://ark.frantiq.fr/ark:/26678/pcrtKZYwYOkWlK,[],[],"[""skos:Concept""]",false,false positive
dhmultiling,idai-pactols_fr-it,logmap-lite-2026.tar.gz,[],[],"[""skos:Concept""]",http://thesauri.dainst.org/_2c06eae5,=,0.0,https://ark.frantiq.fr/ark:/26678/pcrtJUwAaZ7Nz9,[],[],"[""skos:Concept""]",true,false negative
dhmultiling,idai-pactols_fr-it,logmap-lite-2026.tar.gz,[],[],"[""skos:Concept""]",http://thesauri.dainst.org/_c40b4a1d,=,0.0,https://ark.frantiq.fr/ark:/26678/pcrtrMvNrtSOHs,[],[],"[""skos:Concept""]",true,false negative
dhmultiling,idai-pactols_fr-it,logmap-lite-2026.tar.gz,"[""Concept""]",[],"[""owl:Class""]",http://www.w3.org/2004/02/skos/core#Concept,=,1.0,http://www.w3.org/2004/02/skos/core#Concept,"[""Concept""]",[],"[""owl:Class""]",false,false positive
dhmultiling,idai-pactols_fr-it,logmap-lite-2026.tar.gz,[],[],"[""skos:Concept""]",http://thesauri.dainst.org/_4688b7a6,=,0.0,https://ark.frantiq.fr/ark:/26678/pcrtF9P4mbuyGk,[],[],"[""skos:Concept""]",true,false negative
dhmultiling,idai-pactols_fr-it,logmap-lite-2026.tar.gz,[],[],"[""skos:Concept""]",http://thesauri.dainst.org/_b02158bd,=,0.0,https://ark.frantiq.fr/ark:/26678/pcrtJUwAaZ7Nz9,[],[],"[""skos:Concept""]",true,false negative
dhmultiling,idai-pactols_fr-fr,logmap-kg-2026.tar.gz,[],[],"[""skos:Concept""]",http://thesauri.dainst.org/_e303d28e,=,0.86,https://ark.frantiq.fr/ark:/26678/pcrt9gfvI45Kcj,[],[],"[""skos:Concept""]",false,false positive
dhmultiling,idai-pactols_fr-fr,logmap-kg-2026.tar.gz,[],[],"[""skos:Concept""]",http://thesauri.dainst.org/_2c06eae5,=,0.0,https://ark.frantiq.fr/ark:/26678/pcrtJUwAaZ7Nz9,[],[],"[""skos:Concept""]",true,false negative
dhmultiling,idai-pactols_fr-fr,logmap-kg-2026.tar.gz,[],[],"[""skos:Concept""]",http://thesauri.dainst.org/_c40b4a1d,=,0.0,https://ark.frantiq.fr/ark:/26678/pcrtrMvNrtSOHs,[],[],"[""skos:Concept""]",true,false negative
dhmultiling,idai-pactols_fr-fr,logmap-kg-2026.tar.gz,[],[],"[""skos:Concept""]",http://thesauri.dainst.org/_f1ef0050,=,0.81,https://ark.frantiq.fr/ark:/26678/pcrtD19Y1kxWR4,[],[],"[""skos:Concept""]",false,false positive
dhmultiling,idai-pactols_fr-fr,logmap-kg-2026.tar.gz,[],[],[],http://thesauri.dainst.org/schema#memberOf,=,1.0,http://purl.org/umu/uneskos#memberOf,[],[],[],false,false positive
dhmultiling,idai-pactols_fr-fr,logmap-kg-2026.tar.gz,[],[],"[""skos:Concept""]",http://thesauri.dainst.org/_87a30753,=,1.0,https://ark.frantiq.fr/ark:/26678/pcrtxKnfzXYMxK,[],[],"[""skos:Concept""]",false,false positive
dhmultiling,idai-pactols_fr-fr,logmap-kg-2026.tar.gz,[],[],"[""skos:Concept""]",http://thesauri.dainst.org/_2bcdabeb,=,0.8,https://ark.frantiq.fr/ark:/26678/pcrt66PQUHwXaw,[],[],"[""skos:Concept""]",false,false positive
dhmultiling,idai-pactols_fr-fr,logmap-kg-2026.tar.gz,[],[],"[""skos:Concept""]",http://thesauri.dainst.org/_7020590d,=,1.0,https://ark.frantiq.fr/ark:/26678/pcrt9PJh9aTXv4,[],[],"[""skos:Concept""]",false,false positive
dhmultiling,idai-pactols_fr-fr,logmap-kg-2026.tar.gz,[],[],"[""skos:Concept""]",http://thesauri.dainst.org/_4688b7a6,=,1.0,https://ark.frantiq.fr/ark:/26678/pcrtF9P4mbuyGk,[],[],"[""skos:Concept""]",true,true positive
dhmultiling,idai-pactols_fr-fr,logmap-kg-2026.tar.gz,[],[],"[""skos:Concept""]",http://thesauri.dainst.org/_615d140c,=,0.82,https://ark.frantiq.fr/ark:/26678/pcrtgWbicZTgZe,[],[],"[""skos:Concept""]",false,false positive
dhmultiling,idai-pactols_fr-fr,logmap-kg-2026.tar.gz,[],[],"[""skos:Concept""]",http://thesauri.dainst.org/_b02158bd,=,0.0,https://ark.frantiq.fr/ark:/26678/pcrtJUwAaZ7Nz9,[],[],"[""skos:Concept""]",true,false negative
dhmultiling,idai-pactols_fr-fr,logmap-kg-2026.tar.gz,[],[],"[""skos:Concept""]",http://thesauri.dainst.org/_d67080ff,=,1.0,https://ark.frantiq.fr/ark:/26678/pcrtKei7jxhn32,[],[],"[""skos:Concept""]",false,false positive
dhmultiling,idai-pactols_de-de,secea-2026.tar.gz,[],[],"[""skos:Concept""]",http://thesauri.dainst.org/_f09b41b4,=,1.0,https://ark.frantiq.fr/ark:/26678/pcrt0Krn6QJlhU,[],[],"[""skos:Concept""]",true,true positive
dhmultiling,idai-pactols_de-de,secea-2026.tar.gz,[],[],[],http://www.w3.org/2004/02/skos/core#broader,=,1.0,http://www.w3.org/2004/02/skos/core#broader,[],[],[],false,false positive
dhmultiling,idai-pactols_de-de,secea-2026.tar.gz,[],[],[],http://www.w3.org/2004/02/skos/core#exactMatch,=,1.0,http://www.w3.org/2004/02/skos/core#exactMatch,[],[],[],false,false positive
dhmultiling,idai-pactols_de-de,secea-2026.tar.gz,[],[],[],http://www.w3.org/2004/02/skos/core#narrower,=,1.0,http://www.w3.org/2004/02/skos/core#narrower,[],[],[],false,false positive
dhmultiling,idai-pactols_de-de,secea-2026.tar.gz,[],[],[],http://www.w3.org/2004/02/skos/core#inScheme,=,1.0,http://www.w3.org/2004/02/skos/core#inScheme,[],[],[],false,false positive
dhmultiling,idai-pactols_de-de,secea-2026.tar.gz,[],[],"[""skos:Concept""]",http://thesauri.dainst.org/_af2f2dad,=,0.0,https://ark.frantiq.fr/ark:/26678/pcrtVgXu5JJGUg,[],[],"[""skos:Concept""]",true,false negative
dhmultiling,idai-pactols_de-de,secea-2026.tar.gz,[],[],[],http://www.w3.org/2004/02/skos/core#altLabel,=,1.0,http://www.w3.org/2004/02/skos/core#altLabel,[],[],[],false,false positive
dhmultiling,idai-pactols_de-de,secea-2026.tar.gz,[],[],[],http://www.w3.org/2004/02/skos/core#related,=,1.0,http://www.w3.org/2004/02/skos/core#related,[],[],[],false,false positive
dhmultiling,idai-pactols_de-de,secea-2026.tar.gz,[],[],"[""skos:Concept""]",http://thesauri.dainst.org/_dafb0ad8,=,0.0,https://ark.frantiq.fr/ark:/26678/pcrtfOjLfceAZ0,[],[],"[""skos:Concept""]",true,false negative
dhmultiling,idai-pactols_de-de,secea-2026.tar.gz,[],[],"[""skos:Concept""]",http://thesauri.dainst.org/_49517e78,=,0.0,https://ark.frantiq.fr/ark:/26678/pcrt36pke8yWxW,[],[],"[""skos:Concept""]",true,false negative
dhmultiling,idai-pactols_de-de,secea-2026.tar.gz,[],[],[],http://www.w3.org/2004/02/skos/core#relatedMatch,=,1.0,http://www.w3.org/2004/02/skos/core#relatedMatch,[],[],[],false,false positive
dhmultiling,idai-pactols_de-de,secea-2026.tar.gz,[],[],[],http://www.w3.org/2000/01/rdf-schema#label,=,1.0,http://www.w3.org/2000/01/rdf-schema#label,[],[],[],false,false positive
dhmultiling,idai-pactols_de-de,secea-2026.tar.gz,[],[],"[""skos:Concept""]",http://thesauri.dainst.org/_2c06eae5,=,0.0,https://ark.frantiq.fr/ark:/26678/pcrtJUwAaZ7Nz9,[],[],"[""skos:Concept""]",true,false negative
dhmultiling,idai-pactols_de-de,secea-2026.tar.gz,[],[],"[""skos:Concept""]",http://thesauri.dainst.org/_2d8fdbd0,=,1.0,https://ark.frantiq.fr/ark:/26678/pcrtjMFrjr1utW,[],[],"[""skos:Concept""]",false,false positive
dhmultiling,idai-pactols_de-de,secea-2026.tar.gz,[],[],"[""skos:Concept""]",http://thesauri.dainst.org/_a9e10cab,=,0.0,https://ark.frantiq.fr/ark:/26678/pcrtp5Wcpmp9I3,[],[],"[""skos:Concept""]",true,false negative
dhmultiling,idai-pactols_de-de,secea-2026.tar.gz,[],[],"[""skos:Concept""]",http://thesauri.dainst.org/_c40b4a1d,=,0.0,https://ark.frantiq.fr/ark:/26678/pcrtrMvNrtSOHs,[],[],"[""skos:Concept""]",true,false negative
dhmultiling,idai-pactols_de-de,secea-2026.tar.gz,[],[],[],http://www.w3.org/2004/02/skos/core#topConceptOf,=,1.0,http://www.w3.org/2004/02/skos/core#topConceptOf,[],[],[],false,false positive
dhmultiling,idai-pactols_de-de,secea-2026.tar.gz,[],[],"[""skos:Concept""]",http://thesauri.dainst.org/_68e1bd31,=,0.0,https://ark.frantiq.fr/ark:/26678/pcrt1FD59O4eTz,[],[],"[""skos:Concept""]",true,false negative
dhmultiling,idai-pactols_de-de,secea-2026.tar.gz,[],[],"[""skos:Concept""]",http://thesauri.dainst.org/_d3b9f438,=,1.0,https://ark.frantiq.fr/ark:/26678/pcrtKZYwYOkWlK,[],[],"[""skos:Concept""]",true,true positive
dhmultiling,idai-pactols_de-de,secea-2026.tar.gz,[],[],"[""skos:Concept""]",http://thesauri.dainst.org/_4688b7a6,=,0.0,https://ark.frantiq.fr/ark:/26678/pcrtF9P4mbuyGk,[],[],"[""skos:Concept""]",true,false negative
dhmultiling,idai-pactols_de-de,secea-2026.tar.gz,[],[],[],http://thesauri.dainst.org/scheme,=,1.0,https://ark.frantiq.fr/ark:/TH_1,[],[],"[""skos:ConceptScheme""]",false,false positive
dhmultiling,idai-pactols_de-de,secea-2026.tar.gz,[],[],"[""skos:Concept""]",http://thesauri.dainst.org/_d321ff61,=,0.0,https://ark.frantiq.fr/ark:/26678/pcrtgWbicZTgZe,[],[],"[""skos:Concept""]",true,false negative
dhmultiling,idai-pactols_de-de,secea-2026.tar.gz,[],[],"[""skos:Concept""]",http://thesauri.dainst.org/_b02158bd,=,0.0,https://ark.frantiq.fr/ark:/26678/pcrtJUwAaZ7Nz9,[],[],"[""skos:Concept""]",true,false negative
dhmultiling,idai-pactols_de-de,secea-2026.tar.gz,[],[],[],http://www.w3.org/2004/02/skos/core,=,1.0,http://www.w3.org/2004/02/skos/core,[],[],[],false,false positive
dhmultiling,idai-pactols_de-de,secea-2026.tar.gz,[],[],[],http://www.w3.org/1999/02/22-rdf-syntax-ns#type,=,1.0,http://www.w3.org/1999/02/22-rdf-syntax-ns#type,[],[],[],false,false positive
dhmultiling,idai-pactols_de-de,secea-2026.tar.gz,[],[],"[""skos:Concept""]",http://thesauri.dainst.org/_6fc02ee1,=,1.0,https://ark.frantiq.fr/ark:/26678/pcrt9PJh9aTXv4,[],[],"[""skos:Concept""]",false,false positive
dhmultiling,idai-pactols_de-de,secea-2026.tar.gz,[],[],"[""skos:Concept""]",http://thesauri.dainst.org/_bd4d65a8,=,0.0,https://ark.frantiq.fr/ark:/26678/pcrtgWbicZTgZe,[],[],"[""skos:Concept""]",true,false negative
dhmultiling,idai-pactols_de-de,secea-2026.tar.gz,[],[],"[""skos:Concept""]",http://thesauri.dainst.org/_49462e56,=,0.0,https://ark.frantiq.fr/ark:/26678/pcrtVmQTWhdSkJ,[],[],"[""skos:Concept""]",true,false negative
dhmultiling,idai-pactols_de-de,secea-2026.tar.gz,[],[],"[""skos:Concept""]",http://thesauri.dainst.org/_1adf0150,=,0.0,https://ark.frantiq.fr/ark:/26678/pcrtpbgzj4c0da,[],[],"[""skos:Concept""]",true,false negative
dhmultiling,idai-pactols_de-de,secea-2026.tar.gz,[],[],"[""skos:Concept""]",http://thesauri.dainst.org/_3ec72d64,=,0.0,https://ark.frantiq.fr/ark:/26678/pcrt7UXeYrS8Nb,[],[],"[""skos:Concept""]",true,false negative
dhmultiling,idai-pactols_de-de,secea-2026.tar.gz,[],[],[],http://thesauri.dainst.org/schema#memberOf,=,1.0,http://purl.org/umu/uneskos#memberOf,[],[],[],false,false positive
dhmultiling,idai-pactols_de-de,secea-2026.tar.gz,[],[],[],https://vocabs.dariah.eu/bbt/Concept/000019,=,1.0,https://vocabs.dariah.eu/bbt/Concept/000019,[],[],[],false,false positive
dhmultiling,idai-pactols_de-de,secea-2026.tar.gz,[],[],[],http://www.w3.org/2002/07/owl#Class,=,1.0,http://www.w3.org/2002/07/owl#Class,[],[],[],false,false positive
dhmultiling,idai-pactols_de-de,secea-2026.tar.gz,"[""Concept""]",[],"[""owl:Class""]",http://www.w3.org/2004/02/skos/core#Concept,=,1.0,http://www.w3.org/2004/02/skos/core#Concept,"[""Concept""]",[],"[""owl:Class""]",false,false positive
dhmultiling,idai-pactols_de-de,secea-2026.tar.gz,[],[],[],http://www.w3.org/2004/02/skos/core#definition,=,1.0,http://www.w3.org/2004/02/skos/core#definition,[],[],[],false,false positive
dhmultiling,idai-pactols_de-de,secea-2026.tar.gz,[],[],[],http://www.w3.org/2004/02/skos/core#prefLabel,=,1.0,http://www.w3.org/2004/02/skos/core#prefLabel,[],[],[],false,false positive
dhmultiling,idai-pactols_de-de,secea-2026.tar.gz,[],[],"[""skos:Concept""]",http://thesauri.dainst.org/_8b38cf01,=,0.0,https://ark.frantiq.fr/ark:/26678/pcrt0Krn6QJlhU,[],[],"[""skos:Concept""]",true,false negative
dhmultiling,idai-pactols_de-de,secea-2026.tar.gz,[],[],"[""skos:Concept""]",http://thesauri.dainst.org/_e37dd782,=,1.0,https://ark.frantiq.fr/ark:/26678/pcrtNU9yWjKe6U,[],[],"[""skos:Concept""]",false,false positive
dhmultiling,idai-pactols_de-de,secea-2026.tar.gz,[],[],[],http://www.w3.org/2000/01/rdf-schema#isDefinedBy,=,1.0,http://www.w3.org/2000/01/rdf-schema#isDefinedBy,[],[],[],false,false positive
dhmultiling,idai-pactols_en-it,tim-2026.tar.gz,[],[],"[""skos:Concept""]",http://thesauri.dainst.org/_2c06eae5,=,0.0,https://ark.frantiq.fr/ark:/26678/pcrtJUwAaZ7Nz9,[],[],"[""skos:Concept""]",true,false negative
dhmultiling,idai-pactols_en-it,tim-2026.tar.gz,[],[],"[""skos:Concept""]",http://thesauri.dainst.org/_c40b4a1d,=,0.0,https://ark.frantiq.fr/ark:/26678/pcrtrMvNrtSOHs,[],[],"[""skos:Concept""]",true,false negative
dhmultiling,idai-pactols_en-it,tim-2026.tar.gz,[],[],[],http://thesauri.dainst.org/schema#memberOf,=,1.0,http://purl.org/umu/uneskos#memberOf,[],[],[],false,false positive
dhmultiling,idai-pactols_en-it,tim-2026.tar.gz,"[""Concept""]",[],"[""owl:Class""]",http://www.w3.org/2004/02/skos/core#Concept,=,1.0,http://www.w3.org/2004/02/skos/core#Concept,"[""Concept""]",[],"[""owl:Class""]",false,false positive
dhmultiling,idai-pactols_en-it,tim-2026.tar.gz,[],[],"[""skos:Concept""]",http://thesauri.dainst.org/_bd4d65a8,=,0.0,https://ark.frantiq.fr/ark:/26678/pcrtgWbicZTgZe,[],[],"[""skos:Concept""]",true,false negative
dhmultiling,idai-pactols_en-it,tim-2026.tar.gz,[],[],"[""skos:Concept""]",http://thesauri.dainst.org/_4688b7a6,=,0.0,https://ark.frantiq.fr/ark:/26678/pcrtF9P4mbuyGk,[],[],"[""skos:Concept""]",true,false negative
dhmultiling,idai-pactols_en-it,tim-2026.tar.gz,[],[],"[""skos:Concept""]",http://thesauri.dainst.org/_8b38cf01,=,0.0,https://ark.frantiq.fr/ark:/26678/pcrt0Krn6QJlhU,[],[],"[""skos:Concept""]",true,false negative
dhmultiling,idai-pactols_en-it,tim-2026.tar.gz,[],[],"[""skos:Concept""]",http://thesauri.dainst.org/_b02158bd,=,0.0,https://ark.frantiq.fr/ark:/26678/pcrtJUwAaZ7Nz9,[],[],"[""skos:Concept""]",true,false negative
dhmultiling,idai-pactols_it-it,tim-2026.tar.gz,[],[],"[""skos:Concept""]",http://thesauri.dainst.org/_2c06eae5,=,0.0,https://ark.frantiq.fr/ark:/26678/pcrtJUwAaZ7Nz9,[],[],"[""skos:Concept""]",true,false negative
dhmultiling,idai-pactols_it-it,tim-2026.tar.gz,[],[],"[""skos:Concept""]",http://thesauri.dainst.org/_c40b4a1d,=,0.0,https://ark.frantiq.fr/ark:/26678/pcrtrMvNrtSOHs,[],[],"[""skos:Concept""]",true,false negative
dhmultiling,idai-pactols_it-it,tim-2026.tar.gz,[],[],[],http://thesauri.dainst.org/schema#memberOf,=,1.0,http://purl.org/umu/uneskos#memberOf,[],[],[],false,false positive
dhmultiling,idai-pactols_it-it,tim-2026.tar.gz,[],[],"[""skos:Concept""]",http://thesauri.dainst.org/_87a30753,=,1.0,https://ark.frantiq.fr/ark:/26678/pcrtxKnfzXYMxK,[],[],"[""skos:Concept""]",false,false positive
dhmultiling,idai-pactols_it-it,tim-2026.tar.gz,"[""Concept""]",[],"[""owl:Class""]",http://www.w3.org/2004/02/skos/core#Concept,=,1.0,http://www.w3.org/2004/02/skos/core#Concept,"[""Concept""]",[],"[""owl:Class""]",false,false positive
dhmultiling,idai-pactols_it-it,tim-2026.tar.gz,[],[],"[""skos:Concept""]",http://thesauri.dainst.org/_4688b7a6,=,1.0,https://ark.frantiq.fr/ark:/26678/pcrtF9P4mbuyGk,[],[],"[""skos:Concept""]",true,true positive
dhmultiling,idai-pactols_it-it,tim-2026.tar.gz,[],[],"[""skos:Concept""]",http://thesauri.dainst.org/_b02158bd,=,0.0,https://ark.frantiq.fr/ark:/26678/pcrtJUwAaZ7Nz9,[],[],"[""skos:Concept""]",true,false negative
dhmultiling,idai-pactols_de-it,logmap-lite-2026.tar.gz,[],[],"[""skos:Concept""]",http://thesauri.dainst.org/_f09b41b4,=,0.0,https://ark.frantiq.fr/ark:/26678/pcrt0Krn6QJlhU,[],[],"[""skos:Concept""]",true,false negative
dhmultiling,idai-pactols_de-it,logmap-lite-2026.tar.gz,[],[],"[""skos:Concept""]",http://thesauri.dainst.org/_af2f2dad,=,0.0,https://ark.frantiq.fr/ark:/26678/pcrtVgXu5JJGUg,[],[],"[""skos:Concept""]",true,false negative
dhmultiling,idai-pactols_de-it,logmap-lite-2026.tar.gz,[],[],"[""skos:Concept""]",http://thesauri.dainst.org/_dafb0ad8,=,0.0,https://ark.frantiq.fr/ark:/26678/pcrtfOjLfceAZ0,[],[],"[""skos:Concept""]",true,false negative
dhmultiling,idai-pactols_de-it,logmap-lite-2026.tar.gz,[],[],"[""skos:Concept""]",http://thesauri.dainst.org/_bd4d65a8,=,0.0,https://ark.frantiq.fr/ark:/26678/pcrtgWbicZTgZe,[],[],"[""skos:Concept""]",true,false negative
dhmultiling,idai-pactols_de-it,logmap-lite-2026.tar.gz,[],[],"[""skos:Concept""]",http://thesauri.dainst.org/_49517e78,=,0.0,https://ark.frantiq.fr/ark:/26678/pcrt36pke8yWxW,[],[],"[""skos:Concept""]",true,false negative
dhmultiling,idai-pactols_de-it,logmap-lite-2026.tar.gz,[],[],"[""skos:Concept""]",http://thesauri.dainst.org/_49462e56,=,0.0,https://ark.frantiq.fr/ark:/26678/pcrtVmQTWhdSkJ,[],[],"[""skos:Concept""]",true,false negative
dhmultiling,idai-pactols_de-it,logmap-lite-2026.tar.gz,[],[],"[""skos:Concept""]",http://thesauri.dainst.org/_1adf0150,=,0.0,https://ark.frantiq.fr/ark:/26678/pcrtpbgzj4c0da,[],[],"[""skos:Concept""]",true,false negative
dhmultiling,idai-pactols_de-it,logmap-lite-2026.tar.gz,[],[],"[""skos:Concept""]",http://thesauri.dainst.org/_2c06eae5,=,0.0,https://ark.frantiq.fr/ark:/26678/pcrtJUwAaZ7Nz9,[],[],"[""skos:Concept""]",true,false negative
dhmultiling,idai-pactols_de-it,logmap-lite-2026.tar.gz,[],[],"[""skos:Concept""]",http://thesauri.dainst.org/_a9e10cab,=,0.0,https://ark.frantiq.fr/ark:/26678/pcrtp5Wcpmp9I3,[],[],"[""skos:Concept""]",true,false negative
dhmultiling,idai-pactols_de-it,logmap-lite-2026.tar.gz,[],[],"[""skos:Concept""]",http://thesauri.dainst.org/_c40b4a1d,=,0.0,https://ark.frantiq.fr/ark:/26678/pcrtrMvNrtSOHs,[],[],"[""skos:Concept""]",true,false negative
dhmultiling,idai-pactols_de-it,logmap-lite-2026.tar.gz,[],[],"[""skos:Concept""]",http://thesauri.dainst.org/_68e1bd31,=,0.0,https://ark.frantiq.fr/ark:/26678/pcrt1FD59O4eTz,[],[],"[""skos:Concept""]",true,false negative
dhmultiling,idai-pactols_de-it,logmap-lite-2026.tar.gz,[],[],"[""skos:Concept""]",http://thesauri.dainst.org/_3ec72d64,=,0.0,https://ark.frantiq.fr/ark:/26678/pcrt7UXeYrS8Nb,[],[],"[""skos:Concept""]",true,false negative
dhmultiling,idai-pactols_de-it,logmap-lite-2026.tar.gz,"[""Concept""]",[],"[""owl:Class""]",http://www.w3.org/2004/02/skos/core#Concept,=,1.0,http://www.w3.org/2004/02/skos/core#Concept,"[""Concept""]",[],"[""owl:Class""]",false,false positive
dhmultiling,idai-pactols_de-it,logmap-lite-2026.tar.gz,[],[],"[""skos:Concept""]",http://thesauri.dainst.org/_d3b9f438,=,0.0,https://ark.frantiq.fr/ark:/26678/pcrtKZYwYOkWlK,[],[],"[""skos:Concept""]",true,false negative
dhmultiling,idai-pactols_de-it,logmap-lite-2026.tar.gz,[],[],"[""skos:Concept""]",http://thesauri.dainst.org/_4688b7a6,=,0.0,https://ark.frantiq.fr/ark:/26678/pcrtF9P4mbuyGk,[],[],"[""skos:Concept""]",true,false negative
dhmultiling,idai-pactols_de-it,logmap-lite-2026.tar.gz,[],[],"[""skos:Concept""]",http://thesauri.dainst.org/_d321ff61,=,0.0,https://ark.frantiq.fr/ark:/26678/pcrtgWbicZTgZe,[],[],"[""skos:Concept""]",true,false negative
dhmultiling,idai-pactols_de-it,logmap-lite-2026.tar.gz,[],[],"[""skos:Concept""]",http://thesauri.dainst.org/_8b38cf01,=,0.0,https://ark.frantiq.fr/ark:/26678/pcrt0Krn6QJlhU,[],[],"[""skos:Concept""]",true,false negative
dhmultiling,idai-pactols_de-it,logmap-lite-2026.tar.gz,[],[],"[""skos:Concept""]",http://thesauri.dainst.org/_b02158bd,=,0.0,https://ark.frantiq.fr/ark:/26678/pcrtJUwAaZ7Nz9,[],[],"[""skos:Concept""]",true,false negative
dhmultiling,idai-pactols_de-en,logmap-lite-2026.tar.gz,[],[],"[""skos:Concept""]",http://thesauri.dainst.org/_f09b41b4,=,0.0,https://ark.frantiq.fr/ark:/26678/pcrt0Krn6QJlhU,[],[],"[""skos:Concept""]",true,false negative
dhmultiling,idai-pactols_de-en,logmap-lite-2026.tar.gz,[],[],"[""skos:Concept""]",http://thesauri.dainst.org/_af2f2dad,=,0.0,https://ark.frantiq.fr/ark:/26678/pcrtVgXu5JJGUg,[],[],"[""skos:Concept""]",true,false negative
dhmultiling,idai-pactols_de-en,logmap-lite-2026.tar.gz,[],[],"[""skos:Concept""]",http://thesauri.dainst.org/_dafb0ad8,=,0.0,https://ark.frantiq.fr/ark:/26678/pcrtfOjLfceAZ0,[],[],"[""skos:Concept""]",true,false negative
dhmultiling,idai-pactols_de-en,logmap-lite-2026.tar.gz,[],[],"[""skos:Concept""]",http://thesauri.dainst.org/_bd4d65a8,=,0.0,https://ark.frantiq.fr/ark:/26678/pcrtgWbicZTgZe,[],[],"[""skos:Concept""]",true,false negative
dhmultiling,idai-pactols_de-en,logmap-lite-2026.tar.gz,[],[],"[""skos:Concept""]",http://thesauri.dainst.org/_49517e78,=,0.0,https://ark.frantiq.fr/ark:/26678/pcrt36pke8yWxW,[],[],"[""skos:Concept""]",true,false negative
dhmultiling,idai-pactols_de-en,logmap-lite-2026.tar.gz,[],[],"[""skos:Concept""]",http://thesauri.dainst.org/_49462e56,=,0.0,https://ark.frantiq.fr/ark:/26678/pcrtVmQTWhdSkJ,[],[],"[""skos:Concept""]",true,false negative
dhmultiling,idai-pactols_de-en,logmap-lite-2026.tar.gz,[],[],"[""skos:Concept""]",http://thesauri.dainst.org/_1adf0150,=,0.0,https://ark.frantiq.fr/ark:/26678/pcrtpbgzj4c0da,[],[],"[""skos:Concept""]",true,false negative
dhmultiling,idai-pactols_de-en,logmap-lite-2026.tar.gz,[],[],"[""skos:Concept""]",http://thesauri.dainst.org/_2c06eae5,=,0.0,https://ark.frantiq.fr/ark:/26678/pcrtJUwAaZ7Nz9,[],[],"[""skos:Concept""]",true,false negative
dhmultiling,idai-pactols_de-en,logmap-lite-2026.tar.gz,[],[],"[""skos:Concept""]",http://thesauri.dainst.org/_a9e10cab,=,0.0,https://ark.frantiq.fr/ark:/26678/pcrtp5Wcpmp9I3,[],[],"[""skos:Concept""]",true,false negative
dhmultiling,idai-pactols_de-en,logmap-lite-2026.tar.gz,[],[],"[""skos:Concept""]",http://thesauri.dainst.org/_c40b4a1d,=,0.0,https://ark.frantiq.fr/ark:/26678/pcrtrMvNrtSOHs,[],[],"[""skos:Concept""]",true,false negative
dhmultiling,idai-pactols_de-en,logmap-lite-2026.tar.gz,[],[],"[""skos:Concept""]",http://thesauri.dainst.org/_68e1bd31,=,0.0,https://ark.frantiq.fr/ark:/26678/pcrt1FD59O4eTz,[],[],"[""skos:Concept""]",true,false negative
dhmultiling,idai-pactols_de-en,logmap-lite-2026.tar.gz,[],[],"[""skos:Concept""]",http://thesauri.dainst.org/_3ec72d64,=,0.0,https://ark.frantiq.fr/ark:/26678/pcrt7UXeYrS8Nb,[],[],"[""skos:Concept""]",true,false negative
dhmultiling,idai-pactols_de-en,logmap-lite-2026.tar.gz,"[""Concept""]",[],"[""owl:Class""]",http://www.w3.org/2004/02/skos/core#Concept,=,1.0,http://www.w3.org/2004/02/skos/core#Concept,"[""Concept""]",[],"[""owl:Class""]",false,false positive
dhmultiling,idai-pactols_de-en,logmap-lite-2026.tar.gz,[],[],"[""skos:Concept""]",http://thesauri.dainst.org/_d3b9f438,=,0.0,https://ark.frantiq.fr/ark:/26678/pcrtKZYwYOkWlK,[],[],"[""skos:Concept""]",true,false negative
dhmultiling,idai-pactols_de-en,logmap-lite-2026.tar.gz,[],[],"[""skos:Concept""]",http://thesauri.dainst.org/_4688b7a6,=,0.0,https://ark.frantiq.fr/ark:/26678/pcrtF9P4mbuyGk,[],[],"[""skos:Concept""]",true,false negative
dhmultiling,idai-pactols_de-en,logmap-lite-2026.tar.gz,[],[],"[""skos:Concept""]",http://thesauri.dainst.org/_d321ff61,=,0.0,https://ark.frantiq.fr/ark:/26678/pcrtgWbicZTgZe,[],[],"[""skos:Concept""]",true,false negative
dhmultiling,idai-pactols_de-en,logmap-lite-2026.tar.gz,[],[],"[""skos:Concept""]",http://thesauri.dainst.org/_8b38cf01,=,0.0,https://ark.frantiq.fr/ark:/26678/pcrt0Krn6QJlhU,[],[],"[""skos:Concept""]",true,false negative
dhmultiling,idai-pactols_de-en,logmap-lite-2026.tar.gz,[],[],"[""skos:Concept""]",http://thesauri.dainst.org/_b02158bd,=,0.0,https://ark.frantiq.fr/ark:/26678/pcrtJUwAaZ7Nz9,[],[],"[""skos:Concept""]",true,false negative
dhmultiling,idai-pactols_en-en,tim-2026.tar.gz,[],[],"[""skos:Concept""]",http://thesauri.dainst.org/_2c06eae5,=,0.0,https://ark.frantiq.fr/ark:/26678/pcrtJUwAaZ7Nz9,[],[],"[""skos:Concept""]",true,false negative
dhmultiling,idai-pactols_en-en,tim-2026.tar.gz,[],[],"[""skos:Concept""]",http://thesauri.dainst.org/_c40b4a1d,=,0.0,https://ark.frantiq.fr/ark:/26678/pcrtrMvNrtSOHs,[],[],"[""skos:Concept""]",true,false negative
dhmultiling,idai-pactols_en-en,tim-2026.tar.gz,[],[],[],http://thesauri.dainst.org/schema#memberOf,=,1.0,http://purl.org/umu/uneskos#memberOf,[],[],[],false,false positive
dhmultiling,idai-pactols_en-en,tim-2026.tar.gz,"[""Concept""]",[],"[""owl:Class""]",http://www.w3.org/2004/02/skos/core#Concept,=,1.0,http://www.w3.org/2004/02/skos/core#Concept,"[""Concept""]",[],"[""owl:Class""]",false,false positive
dhmultiling,idai-pactols_en-en,tim-2026.tar.gz,[],[],"[""skos:Concept""]",http://thesauri.dainst.org/_4688b7a6,=,1.0,https://ark.frantiq.fr/ark:/26678/pcrtF9P4mbuyGk,[],[],"[""skos:Concept""]",true,true positive
dhmultiling,idai-pactols_en-en,tim-2026.tar.gz,[],[],"[""skos:Concept""]",http://thesauri.dainst.org/_bd4d65a8,=,0.0,https://ark.frantiq.fr/ark:/26678/pcrtgWbicZTgZe,[],[],"[""skos:Concept""]",true,false negative
dhmultiling,idai-pactols_en-en,tim-2026.tar.gz,[],[],"[""skos:Concept""]",http://thesauri.dainst.org/_8b38cf01,=,0.0,https://ark.frantiq.fr/ark:/26678/pcrt0Krn6QJlhU,[],[],"[""skos:Concept""]",true,false negative
dhmultiling,idai-pactols_en-en,tim-2026.tar.gz,[],[],"[""skos:Concept""]",http://thesauri.dainst.org/_b02158bd,=,0.0,https://ark.frantiq.fr/ark:/26678/pcrtJUwAaZ7Nz9,[],[],"[""skos:Concept""]",true,false negative
dhmultiling,idai-pactols_fr-fr,lsmatch-2026.tar.gz,[],[],"[""skos:Concept""]",http://thesauri.dainst.org/_2c06eae5,=,0.0,https://ark.frantiq.fr/ark:/26678/pcrtJUwAaZ7Nz9,[],[],"[""skos:Concept""]",true,false negative
dhmultiling,idai-pactols_fr-fr,lsmatch-2026.tar.gz,[],[],"[""skos:Concept""]",http://thesauri.dainst.org/_c40b4a1d,=,0.0,https://ark.frantiq.fr/ark:/26678/pcrtrMvNrtSOHs,[],[],"[""skos:Concept""]",true,false negative
dhmultiling,idai-pactols_fr-fr,lsmatch-2026.tar.gz,"[""Concept""]",[],"[""owl:Class""]",http://www.w3.org/2004/02/skos/core#Concept,=,1.0,http://www.w3.org/2004/02/skos/core#Concept,"[""Concept""]",[],"[""owl:Class""]",false,false positive
dhmultiling,idai-pactols_fr-fr,lsmatch-2026.tar.gz,[],[],"[""skos:Concept""]",http://thesauri.dainst.org/_4688b7a6,=,0.0,https://ark.frantiq.fr/ark:/26678/pcrtF9P4mbuyGk,[],[],"[""skos:Concept""]",true,false negative
dhmultiling,idai-pactols_fr-fr,lsmatch-2026.tar.gz,[],[],"[""skos:Concept""]",http://thesauri.dainst.org/_b02158bd,=,0.0,https://ark.frantiq.fr/ark:/26678/pcrtJUwAaZ7Nz9,[],[],"[""skos:Concept""]",true,false negative
dhmultiling,idai-pactols_en-en,logmap-kg-2026.tar.gz,[],[],"[""skos:Concept""]",http://thesauri.dainst.org/_31177e17,=,0.83,https://ark.frantiq.fr/ark:/26678/pcrtRIPguI6ugI,[],[],"[""skos:Concept""]",false,false positive
dhmultiling,idai-pactols_en-en,logmap-kg-2026.tar.gz,[],[],"[""skos:Concept""]",http://thesauri.dainst.org/_2c06eae5,=,0.0,https://ark.frantiq.fr/ark:/26678/pcrtJUwAaZ7Nz9,[],[],"[""skos:Concept""]",true,false negative
dhmultiling,idai-pactols_en-en,logmap-kg-2026.tar.gz,[],[],"[""skos:Concept""]",http://thesauri.dainst.org/_c40b4a1d,=,0.0,https://ark.frantiq.fr/ark:/26678/pcrtrMvNrtSOHs,[],[],"[""skos:Concept""]",true,false negative
dhmultiling,idai-pactols_en-en,logmap-kg-2026.tar.gz,[],[],[],http://thesauri.dainst.org/schema#memberOf,=,1.0,http://purl.org/umu/uneskos#memberOf,[],[],[],false,false positive
dhmultiling,idai-pactols_en-en,logmap-kg-2026.tar.gz,[],[],"[""skos:Concept""]",http://thesauri.dainst.org/_7020590d,=,1.0,https://ark.frantiq.fr/ark:/26678/pcrt9PJh9aTXv4,[],[],"[""skos:Concept""]",false,false positive
dhmultiling,idai-pactols_en-en,logmap-kg-2026.tar.gz,[],[],"[""skos:Concept""]",http://thesauri.dainst.org/_4688b7a6,=,1.0,https://ark.frantiq.fr/ark:/26678/pcrtF9P4mbuyGk,[],[],"[""skos:Concept""]",true,true positive
dhmultiling,idai-pactols_en-en,logmap-kg-2026.tar.gz,[],[],"[""skos:Concept""]",http://thesauri.dainst.org/_bd4d65a8,=,0.0,https://ark.frantiq.fr/ark:/26678/pcrtgWbicZTgZe,[],[],"[""skos:Concept""]",true,false negative
dhmultiling,idai-pactols_en-en,logmap-kg-2026.tar.gz,[],[],"[""skos:Concept""]",http://thesauri.dainst.org/_8b38cf01,=,1.0,https://ark.frantiq.fr/ark:/26678/pcrt0Krn6QJlhU,[],[],"[""skos:Concept""]",true,true positive
dhmultiling,idai-pactols_en-en,logmap-kg-2026.tar.gz,[],[],"[""skos:Concept""]",http://thesauri.dainst.org/_b02158bd,=,1.0,https://ark.frantiq.fr/ark:/26678/pcrtJUwAaZ7Nz9,[],[],"[""skos:Concept""]",true,true positive
dhmultiling,idai-pactols_en-it,logmap-kg-2026.tar.gz,[],[],"[""skos:Concept""]",http://thesauri.dainst.org/_2c06eae5,=,0.0,https://ark.frantiq.fr/ark:/26678/pcrtJUwAaZ7Nz9,[],[],"[""skos:Concept""]",true,false negative
dhmultiling,idai-pactols_en-it,logmap-kg-2026.tar.gz,[],[],"[""skos:Concept""]",http://thesauri.dainst.org/_c40b4a1d,=,0.0,https://ark.frantiq.fr/ark:/26678/pcrtrMvNrtSOHs,[],[],"[""skos:Concept""]",true,false negative
dhmultiling,idai-pactols_en-it,logmap-kg-2026.tar.gz,[],[],[],http://thesauri.dainst.org/schema#memberOf,=,1.0,http://purl.org/umu/uneskos#memberOf,[],[],[],false,false positive
dhmultiling,idai-pactols_en-it,logmap-kg-2026.tar.gz,[],[],"[""skos:Concept""]",http://thesauri.dainst.org/_bd4d65a8,=,0.0,https://ark.frantiq.fr/ark:/26678/pcrtgWbicZTgZe,[],[],"[""skos:Concept""]",true,false negative
dhmultiling,idai-pactols_en-it,logmap-kg-2026.tar.gz,[],[],"[""skos:Concept""]",http://thesauri.dainst.org/_4688b7a6,=,0.0,https://ark.frantiq.fr/ark:/26678/pcrtF9P4mbuyGk,[],[],"[""skos:Concept""]",true,false negative
dhmultiling,idai-pactols_en-it,logmap-kg-2026.tar.gz,[],[],"[""skos:Concept""]",http://thesauri.dainst.org/_8b38cf01,=,1.0,https://ark.frantiq.fr/ark:/26678/pcrt0Krn6QJlhU,[],[],"[""skos:Concept""]",true,true positive
dhmultiling,idai-pactols_en-it,logmap-kg-2026.tar.gz,[],[],"[""skos:Concept""]",http://thesauri.dainst.org/_b02158bd,=,0.0,https://ark.frantiq.fr/ark:/26678/pcrtJUwAaZ7Nz9,[],[],"[""skos:Concept""]",true,false negative
dhmultiling,idai-pactols_fr-fr,matcha-2026.tar.gz,[],[],"[""skos:Concept""]",http://thesauri.dainst.org/_2c06eae5,=,0.0,https://ark.frantiq.fr/ark:/26678/pcrtJUwAaZ7Nz9,[],[],"[""skos:Concept""]",true,false negative
dhmultiling,idai-pactols_fr-fr,matcha-2026.tar.gz,[],[],"[""skos:Concept""]",http://thesauri.dainst.org/_c40b4a1d,=,0.0,https://ark.frantiq.fr/ark:/26678/pcrtrMvNrtSOHs,[],[],"[""skos:Concept""]",true,false negative
dhmultiling,idai-pactols_fr-fr,matcha-2026.tar.gz,[],[],"[""skos:Concept""]",http://thesauri.dainst.org/_87a30753,=,0.8835999999999999,https://ark.frantiq.fr/ark:/26678/pcrtxKnfzXYMxK,[],[],"[""skos:Concept""]",false,false positive
dhmultiling,idai-pactols_fr-fr,matcha-2026.tar.gz,[],[],"[""skos:Concept""]",http://thesauri.dainst.org/_7020590d,=,0.8835999999999999,https://ark.frantiq.fr/ark:/26678/pcrt9PJh9aTXv4,[],[],"[""skos:Concept""]",false,false positive
dhmultiling,idai-pactols_fr-fr,matcha-2026.tar.gz,[],[],"[""skos:Concept""]",http://thesauri.dainst.org/_4688b7a6,=,0.8835999999999999,https://ark.frantiq.fr/ark:/26678/pcrtF9P4mbuyGk,[],[],"[""skos:Concept""]",true,true positive
dhmultiling,idai-pactols_fr-fr,matcha-2026.tar.gz,[],[],"[""skos:Concept""]",http://thesauri.dainst.org/_b02158bd,=,0.0,https://ark.frantiq.fr/ark:/26678/pcrtJUwAaZ7Nz9,[],[],"[""skos:Concept""]",true,false negative
dhmultiling,idai-pactols_fr-fr,matcha-2026.tar.gz,[],[],"[""skos:Concept""]",http://thesauri.dainst.org/_d67080ff,=,0.8835999999999999,https://ark.frantiq.fr/ark:/26678/pcrtKei7jxhn32,[],[],"[""skos:Concept""]",false,false positive
dhmultiling,idai-pactols_de-de,tim-2026.tar.gz,[],[],"[""skos:Concept""]",http://thesauri.dainst.org/_f09b41b4,=,1.0,https://ark.frantiq.fr/ark:/26678/pcrt0Krn6QJlhU,[],[],"[""skos:Concept""]",true,true positive
dhmultiling,idai-pactols_de-de,tim-2026.tar.gz,[],[],"[""skos:Concept""]",http://thesauri.dainst.org/_af2f2dad,=,0.0,https://ark.frantiq.fr/ark:/26678/pcrtVgXu5JJGUg,[],[],"[""skos:Concept""]",true,false negative
dhmultiling,idai-pactols_de-de,tim-2026.tar.gz,[],[],"[""skos:Concept""]",http://thesauri.dainst.org/_dafb0ad8,=,0.0,https://ark.frantiq.fr/ark:/26678/pcrtfOjLfceAZ0,[],[],"[""skos:Concept""]",true,false negative
dhmultiling,idai-pactols_de-de,tim-2026.tar.gz,[],[],"[""skos:Concept""]",http://thesauri.dainst.org/_bd4d65a8,=,0.0,https://ark.frantiq.fr/ark:/26678/pcrtgWbicZTgZe,[],[],"[""skos:Concept""]",true,false negative
dhmultiling,idai-pactols_de-de,tim-2026.tar.gz,[],[],"[""skos:Concept""]",http://thesauri.dainst.org/_49517e78,=,0.0,https://ark.frantiq.fr/ark:/26678/pcrt36pke8yWxW,[],[],"[""skos:Concept""]",true,false negative
dhmultiling,idai-pactols_de-de,tim-2026.tar.gz,[],[],"[""skos:Concept""]",http://thesauri.dainst.org/_49462e56,=,0.0,https://ark.frantiq.fr/ark:/26678/pcrtVmQTWhdSkJ,[],[],"[""skos:Concept""]",true,false negative
dhmultiling,idai-pactols_de-de,tim-2026.tar.gz,[],[],"[""skos:Concept""]",http://thesauri.dainst.org/_1adf0150,=,0.0,https://ark.frantiq.fr/ark:/26678/pcrtpbgzj4c0da,[],[],"[""skos:Concept""]",true,false negative
dhmultiling,idai-pactols_de-de,tim-2026.tar.gz,[],[],"[""skos:Concept""]",http://thesauri.dainst.org/_2c06eae5,=,0.0,https://ark.frantiq.fr/ark:/26678/pcrtJUwAaZ7Nz9,[],[],"[""skos:Concept""]",true,false negative
dhmultiling,idai-pactols_de-de,tim-2026.tar.gz,[],[],"[""skos:Concept""]",http://thesauri.dainst.org/_a9e10cab,=,0.0,https://ark.frantiq.fr/ark:/26678/pcrtp5Wcpmp9I3,[],[],"[""skos:Concept""]",true,false negative
dhmultiling,idai-pactols_de-de,tim-2026.tar.gz,[],[],"[""skos:Concept""]",http://thesauri.dainst.org/_c40b4a1d,=,0.0,https://ark.frantiq.fr/ark:/26678/pcrtrMvNrtSOHs,[],[],"[""skos:Concept""]",true,false negative
dhmultiling,idai-pactols_de-de,tim-2026.tar.gz,[],[],"[""skos:Concept""]",http://thesauri.dainst.org/_68e1bd31,=,0.0,https://ark.frantiq.fr/ark:/26678/pcrt1FD59O4eTz,[],[],"[""skos:Concept""]",true,false negative
dhmultiling,idai-pactols_de-de,tim-2026.tar.gz,[],[],"[""skos:Concept""]",http://thesauri.dainst.org/_3ec72d64,=,0.0,https://ark.frantiq.fr/ark:/26678/pcrt7UXeYrS8Nb,[],[],"[""skos:Concept""]",true,false negative
dhmultiling,idai-pactols_de-de,tim-2026.tar.gz,[],[],[],http://thesauri.dainst.org/schema#memberOf,=,1.0,http://purl.org/umu/uneskos#memberOf,[],[],[],false,false positive
dhmultiling,idai-pactols_de-de,tim-2026.tar.gz,"[""Concept""]",[],"[""owl:Class""]",http://www.w3.org/2004/02/skos/core#Concept,=,1.0,http://www.w3.org/2004/02/skos/core#Concept,"[""Concept""]",[],"[""owl:Class""]",false,false positive
dhmultiling,idai-pactols_de-de,tim-2026.tar.gz,[],[],"[""skos:Concept""]",http://thesauri.dainst.org/_d3b9f438,=,1.0,https://ark.frantiq.fr/ark:/26678/pcrtKZYwYOkWlK,[],[],"[""skos:Concept""]",true,true positive
dhmultiling,idai-pactols_de-de,tim-2026.tar.gz,[],[],"[""skos:Concept""]",http://thesauri.dainst.org/_4688b7a6,=,0.0,https://ark.frantiq.fr/ark:/26678/pcrtF9P4mbuyGk,[],[],"[""skos:Concept""]",true,false negative
dhmultiling,idai-pactols_de-de,tim-2026.tar.gz,[],[],"[""skos:Concept""]",http://thesauri.dainst.org/_d321ff61,=,0.0,https://ark.frantiq.fr/ark:/26678/pcrtgWbicZTgZe,[],[],"[""skos:Concept""]",true,false negative
dhmultiling,idai-pactols_de-de,tim-2026.tar.gz,[],[],"[""skos:Concept""]",http://thesauri.dainst.org/_8b38cf01,=,0.0,https://ark.frantiq.fr/ark:/26678/pcrt0Krn6QJlhU,[],[],"[""skos:Concept""]",true,false negative
dhmultiling,idai-pactols_de-de,tim-2026.tar.gz,[],[],"[""skos:Concept""]",http://thesauri.dainst.org/_b02158bd,=,0.0,https://ark.frantiq.fr/ark:/26678/pcrtJUwAaZ7Nz9,[],[],"[""skos:Concept""]",true,false negative
dhmultiling,idai-pactols_de-fr,lsmatch-multilingual-2026.tar.gz,[],[],"[""skos:Concept""]",http://thesauri.dainst.org/_f09b41b4,=,0.0,https://ark.frantiq.fr/ark:/26678/pcrt0Krn6QJlhU,[],[],"[""skos:Concept""]",true,false negative
dhmultiling,idai-pactols_de-fr,lsmatch-multilingual-2026.tar.gz,[],[],"[""skos:Concept""]",http://thesauri.dainst.org/_af2f2dad,=,0.0,https://ark.frantiq.fr/ark:/26678/pcrtVgXu5JJGUg,[],[],"[""skos:Concept""]",true,false negative
dhmultiling,idai-pactols_de-fr,lsmatch-multilingual-2026.tar.gz,[],[],"[""skos:Concept""]",http://thesauri.dainst.org/_dafb0ad8,=,0.0,https://ark.frantiq.fr/ark:/26678/pcrtfOjLfceAZ0,[],[],"[""skos:Concept""]",true,false negative
dhmultiling,idai-pactols_de-fr,lsmatch-multilingual-2026.tar.gz,[],[],"[""skos:Concept""]",http://thesauri.dainst.org/_bd4d65a8,=,0.0,https://ark.frantiq.fr/ark:/26678/pcrtgWbicZTgZe,[],[],"[""skos:Concept""]",true,false negative
dhmultiling,idai-pactols_de-fr,lsmatch-multilingual-2026.tar.gz,[],[],"[""skos:Concept""]",http://thesauri.dainst.org/_49517e78,=,0.0,https://ark.frantiq.fr/ark:/26678/pcrt36pke8yWxW,[],[],"[""skos:Concept""]",true,false negative
dhmultiling,idai-pactols_de-fr,lsmatch-multilingual-2026.tar.gz,[],[],"[""skos:Concept""]",http://thesauri.dainst.org/_49462e56,=,0.0,https://ark.frantiq.fr/ark:/26678/pcrtVmQTWhdSkJ,[],[],"[""skos:Concept""]",true,false negative
dhmultiling,idai-pactols_de-fr,lsmatch-multilingual-2026.tar.gz,[],[],"[""skos:Concept""]",http://thesauri.dainst.org/_1adf0150,=,0.0,https://ark.frantiq.fr/ark:/26678/pcrtpbgzj4c0da,[],[],"[""skos:Concept""]",true,false negative
dhmultiling,idai-pactols_de-fr,lsmatch-multilingual-2026.tar.gz,[],[],"[""skos:Concept""]",http://thesauri.dainst.org/_2c06eae5,=,0.0,https://ark.frantiq.fr/ark:/26678/pcrtJUwAaZ7Nz9,[],[],"[""skos:Concept""]",true,false negative
dhmultiling,idai-pactols_de-fr,lsmatch-multilingual-2026.tar.gz,[],[],"[""skos:Concept""]",http://thesauri.dainst.org/_a9e10cab,=,0.0,https://ark.frantiq.fr/ark:/26678/pcrtp5Wcpmp9I3,[],[],"[""skos:Concept""]",true,false negative
dhmultiling,idai-pactols_de-fr,lsmatch-multilingual-2026.tar.gz,[],[],"[""skos:Concept""]",http://thesauri.dainst.org/_c40b4a1d,=,0.0,https://ark.frantiq.fr/ark:/26678/pcrtrMvNrtSOHs,[],[],"[""skos:Concept""]",true,false negative
dhmultiling,idai-pactols_de-fr,lsmatch-multilingual-2026.tar.gz,[],[],"[""skos:Concept""]",http://thesauri.dainst.org/_68e1bd31,=,0.0,https://ark.frantiq.fr/ark:/26678/pcrt1FD59O4eTz,[],[],"[""skos:Concept""]",true,false negative
dhmultiling,idai-pactols_de-fr,lsmatch-multilingual-2026.tar.gz,[],[],"[""skos:Concept""]",http://thesauri.dainst.org/_3ec72d64,=,0.0,https://ark.frantiq.fr/ark:/26678/pcrt7UXeYrS8Nb,[],[],"[""skos:Concept""]",true,false negative
dhmultiling,idai-pactols_de-fr,lsmatch-multilingual-2026.tar.gz,"[""Concept""]",[],"[""owl:Class""]",http://www.w3.org/2004/02/skos/core#Concept,=,1.0,http://www.w3.org/2004/02/skos/core#Concept,"[""Concept""]",[],"[""owl:Class""]",false,false positive
dhmultiling,idai-pactols_de-fr,lsmatch-multilingual-2026.tar.gz,[],[],"[""skos:Concept""]",http://thesauri.dainst.org/_d3b9f438,=,0.0,https://ark.frantiq.fr/ark:/26678/pcrtKZYwYOkWlK,[],[],"[""skos:Concept""]",true,false negative
dhmultiling,idai-pactols_de-fr,lsmatch-multilingual-2026.tar.gz,[],[],"[""skos:Concept""]",http://thesauri.dainst.org/_4688b7a6,=,0.0,https://ark.frantiq.fr/ark:/26678/pcrtF9P4mbuyGk,[],[],"[""skos:Concept""]",true,false negative
dhmultiling,idai-pactols_de-fr,lsmatch-multilingual-2026.tar.gz,[],[],"[""skos:Concept""]",http://thesauri.dainst.org/_d321ff61,=,0.0,https://ark.frantiq.fr/ark:/26678/pcrtgWbicZTgZe,[],[],"[""skos:Concept""]",true,false negative
dhmultiling,idai-pactols_de-fr,lsmatch-multilingual-2026.tar.gz,[],[],"[""skos:Concept""]",http://thesauri.dainst.org/_8b38cf01,=,0.0,https://ark.frantiq.fr/ark:/26678/pcrt0Krn6QJlhU,[],[],"[""skos:Concept""]",true,false negative
dhmultiling,idai-pactols_de-fr,lsmatch-multilingual-2026.tar.gz,[],[],"[""skos:Concept""]",http://thesauri.dainst.org/_b02158bd,=,0.0,https://ark.frantiq.fr/ark:/26678/pcrtJUwAaZ7Nz9,[],[],"[""skos:Concept""]",true,false negative
dhmultiling,idai-pactols_en-fr,lsmatch-2026.tar.gz,[],[],"[""skos:Concept""]",http://thesauri.dainst.org/_2c06eae5,=,0.0,https://ark.frantiq.fr/ark:/26678/pcrtJUwAaZ7Nz9,[],[],"[""skos:Concept""]",true,false negative
dhmultiling,idai-pactols_en-fr,lsmatch-2026.tar.gz,[],[],"[""skos:Concept""]",http://thesauri.dainst.org/_c40b4a1d,=,0.0,https://ark.frantiq.fr/ark:/26678/pcrtrMvNrtSOHs,[],[],"[""skos:Concept""]",true,false negative
dhmultiling,idai-pactols_en-fr,lsmatch-2026.tar.gz,"[""Concept""]",[],"[""owl:Class""]",http://www.w3.org/2004/02/skos/core#Concept,=,1.0,http://www.w3.org/2004/02/skos/core#Concept,"[""Concept""]",[],"[""owl:Class""]",false,false positive
dhmultiling,idai-pactols_en-fr,lsmatch-2026.tar.gz,[],[],"[""skos:Concept""]",http://thesauri.dainst.org/_bd4d65a8,=,0.0,https://ark.frantiq.fr/ark:/26678/pcrtgWbicZTgZe,[],[],"[""skos:Concept""]",true,false negative
dhmultiling,idai-pactols_en-fr,lsmatch-2026.tar.gz,[],[],"[""skos:Concept""]",http://thesauri.dainst.org/_4688b7a6,=,0.0,https://ark.frantiq.fr/ark:/26678/pcrtF9P4mbuyGk,[],[],"[""skos:Concept""]",true,false negative
dhmultiling,idai-pactols_en-fr,lsmatch-2026.tar.gz,[],[],"[""skos:Concept""]",http://thesauri.dainst.org/_8b38cf01,=,0.0,https://ark.frantiq.fr/ark:/26678/pcrt0Krn6QJlhU,[],[],"[""skos:Concept""]",true,false negative
dhmultiling,idai-pactols_en-fr,lsmatch-2026.tar.gz,[],[],"[""skos:Concept""]",http://thesauri.dainst.org/_b02158bd,=,0.0,https://ark.frantiq.fr/ark:/26678/pcrtJUwAaZ7Nz9,[],[],"[""skos:Concept""]",true,false negative
dhmultiling,idai-pactols_de-en,matcha-2026.tar.gz,[],[],"[""skos:Concept""]",http://thesauri.dainst.org/_f09b41b4,=,1.0,https://ark.frantiq.fr/ark:/26678/pcrt0Krn6QJlhU,[],[],"[""skos:Concept""]",true,true positive
dhmultiling,idai-pactols_de-en,matcha-2026.tar.gz,[],[],"[""skos:Concept""]",http://thesauri.dainst.org/_461a8988,=,0.7580602916507755,https://ark.frantiq.fr/ark:/26678/pcrtkeLpJpVN4t,[],[],"[""skos:Concept""]",false,false positive
dhmultiling,idai-pactols_de-en,matcha-2026.tar.gz,[],[],"[""skos:Concept""]",http://thesauri.dainst.org/_16c63f27,=,0.8065278837570284,https://ark.frantiq.fr/ark:/26678/pcrtwvbHs6SmP8,[],[],"[""skos:Concept""]",false,false positive
dhmultiling,idai-pactols_de-en,matcha-2026.tar.gz,[],[],"[""skos:Concept""]",http://thesauri.dainst.org/_ca4273ea,=,0.9196390595017377,https://ark.frantiq.fr/ark:/26678/pcrtD19Y1kxWR4,[],[],"[""skos:Concept""]",false,false positive
dhmultiling,idai-pactols_de-en,matcha-2026.tar.gz,[],[],"[""skos:Concept""]",http://thesauri.dainst.org/_8b38cf01,=,0.7572692845145753,https://ark.frantiq.fr/ark:/26678/pcrt3S7lIydczN,[],[],"[""skos:Concept""]",false,false positive
dhmultiling,idai-pactols_de-en,matcha-2026.tar.gz,[],[],"[""skos:Concept""]",http://thesauri.dainst.org/_af2f2dad,=,0.0,https://ark.frantiq.fr/ark:/26678/pcrtVgXu5JJGUg,[],[],"[""skos:Concept""]",true,false negative
dhmultiling,idai-pactols_de-en,matcha-2026.tar.gz,[],[],"[""skos:Concept""]",http://thesauri.dainst.org/_dafb0ad8,=,0.812707837119273,https://ark.frantiq.fr/ark:/26678/pcrtfOjLfceAZ0,[],[],"[""skos:Concept""]",true,true positive
dhmultiling,idai-pactols_de-en,matcha-2026.tar.gz,[],[],"[""skos:Concept""]",http://thesauri.dainst.org/_b736c984,=,0.7688849129664502,https://ark.frantiq.fr/ark:/26678/pcrtXOuO8FKGbe,[],[],"[""skos:Concept""]",false,false positive
dhmultiling,idai-pactols_de-en,matcha-2026.tar.gz,[],[],"[""skos:Concept""]",http://thesauri.dainst.org/_49517e78,=,0.0,https://ark.frantiq.fr/ark:/26678/pcrt36pke8yWxW,[],[],"[""skos:Concept""]",true,false negative
dhmultiling,idai-pactols_de-en,matcha-2026.tar.gz,[],[],"[""skos:Concept""]",http://thesauri.dainst.org/_e57135bf,=,0.9136831133797764,https://ark.frantiq.fr/ark:/26678/pcrtHIjtOg1P75,[],[],"[""skos:Concept""]",false,false positive
dhmultiling,idai-pactols_de-en,matcha-2026.tar.gz,[],[],"[""skos:Concept""]",http://thesauri.dainst.org/_9356a843,=,0.7980061776709553,https://ark.frantiq.fr/ark:/26678/pcrthcbe2XySTb,[],[],"[""skos:Concept""]",false,false positive
dhmultiling,idai-pactols_de-en,matcha-2026.tar.gz,[],[],"[""skos:Concept""]",http://thesauri.dainst.org/_5b640e14,=,0.9309008957026208,https://ark.frantiq.fr/ark:/26678/pcrt9WXX2cWeOQ,[],[],"[""skos:Concept""]",false,false positive
dhmultiling,idai-pactols_de-en,matcha-2026.tar.gz,[],[],"[""skos:Concept""]",http://thesauri.dainst.org/_030f290f,=,0.7663384798499112,https://ark.frantiq.fr/ark:/26678/pcrtx4sFxmENjb,[],[],"[""skos:Concept""]",false,false positive
dhmultiling,idai-pactols_de-en,matcha-2026.tar.gz,[],[],"[""skos:Concept""]",http://thesauri.dainst.org/_4892310d,=,0.9267173828198377,https://ark.frantiq.fr/ark:/26678/pcrt5MQsnfNDTD,[],[],"[""skos:Concept""]",false,false positive
dhmultiling,idai-pactols_de-en,matcha-2026.tar.gz,[],[],"[""skos:Concept""]",http://thesauri.dainst.org/_2c06eae5,=,0.0,https://ark.frantiq.fr/ark:/26678/pcrtJUwAaZ7Nz9,[],[],"[""skos:Concept""]",true,false negative
dhmultiling,idai-pactols_de-en,matcha-2026.tar.gz,[],[],"[""skos:Concept""]",http://thesauri.dainst.org/_f1652fb0,=,0.8682117894718137,https://ark.frantiq.fr/ark:/26678/pcrtJUwAaZ7Nz9,[],[],"[""skos:Concept""]",false,false positive
dhmultiling,idai-pactols_de-en,matcha-2026.tar.gz,[],[],"[""skos:Concept""]",http://thesauri.dainst.org/_a9e10cab,=,0.0,https://ark.frantiq.fr/ark:/26678/pcrtp5Wcpmp9I3,[],[],"[""skos:Concept""]",true,false negative
dhmultiling,idai-pactols_de-en,matcha-2026.tar.gz,[],[],"[""skos:Concept""]",http://thesauri.dainst.org/_c40b4a1d,=,0.0,https://ark.frantiq.fr/ark:/26678/pcrtrMvNrtSOHs,[],[],"[""skos:Concept""]",true,false negative
dhmultiling,idai-pactols_de-en,matcha-2026.tar.gz,[],[],"[""skos:Concept""]",http://thesauri.dainst.org/_68e1bd31,=,0.8792245835751473,https://ark.frantiq.fr/ark:/26678/pcrt1FD59O4eTz,[],[],"[""skos:Concept""]",true,true positive
dhmultiling,idai-pactols_de-en,matcha-2026.tar.gz,[],[],"[""skos:Concept""]",http://thesauri.dainst.org/_623326f0,=,0.9122869914361574,https://ark.frantiq.fr/ark:/26678/pcrtms2OAv82PY,[],[],"[""skos:Concept""]",false,false positive
dhmultiling,idai-pactols_de-en,matcha-2026.tar.gz,[],[],"[""skos:Concept""]",http://thesauri.dainst.org/_c816fc0d,=,0.8253319850489221,https://ark.frantiq.fr/ark:/26678/pcrtrMvNrtSOHs,[],[],"[""skos:Concept""]",false,false positive
dhmultiling,idai-pactols_de-en,matcha-2026.tar.gz,[],[],"[""skos:Concept""]",http://thesauri.dainst.org/_4688b7a6,=,0.8680869216024197,https://ark.frantiq.fr/ark:/26678/pcrtF9P4mbuyGk,[],[],"[""skos:Concept""]",true,true positive
dhmultiling,idai-pactols_de-en,matcha-2026.tar.gz,[],[],"[""skos:Concept""]",http://thesauri.dainst.org/_d3b9f438,=,0.0,https://ark.frantiq.fr/ark:/26678/pcrtKZYwYOkWlK,[],[],"[""skos:Concept""]",true,false negative
dhmultiling,idai-pactols_de-en,matcha-2026.tar.gz,[],[],"[""skos:Concept""]",http://thesauri.dainst.org/_d321ff61,=,0.0,https://ark.frantiq.fr/ark:/26678/pcrtgWbicZTgZe,[],[],"[""skos:Concept""]",true,false negative
dhmultiling,idai-pactols_de-en,matcha-2026.tar.gz,[],[],"[""skos:Concept""]",http://thesauri.dainst.org/_b02158bd,=,0.0,https://ark.frantiq.fr/ark:/26678/pcrtJUwAaZ7Nz9,[],[],"[""skos:Concept""]",true,false negative
dhmultiling,idai-pactols_de-en,matcha-2026.tar.gz,[],[],"[""skos:Concept""]",http://thesauri.dainst.org/_9b213f2a,=,0.8509229422662656,https://ark.frantiq.fr/ark:/26678/pcrtHIT0hSPFsR,[],[],"[""skos:Concept""]",false,false positive
dhmultiling,idai-pactols_de-en,matcha-2026.tar.gz,[],[],"[""skos:Concept""]",http://thesauri.dainst.org/_5dfd5080,=,0.7855746607453976,https://ark.frantiq.fr/ark:/26678/pcrtpbgzj4c0da,[],[],"[""skos:Concept""]",false,false positive
dhmultiling,idai-pactols_de-en,matcha-2026.tar.gz,[],[],"[""skos:Concept""]",http://thesauri.dainst.org/_d45aae7e,=,0.8031732555941244,https://ark.frantiq.fr/ark:/26678/pcrteJiI6BxaFN,[],[],"[""skos:Concept""]",false,false positive
dhmultiling,idai-pactols_de-en,matcha-2026.tar.gz,[],[],"[""skos:Concept""]",http://thesauri.dainst.org/_865f6c1e,=,0.9036538327300375,https://ark.frantiq.fr/ark:/26678/pcrtpZHoU1vm9o,[],[],"[""skos:Concept""]",false,false positive
dhmultiling,idai-pactols_de-en,matcha-2026.tar.gz,[],[],"[""skos:Concept""]",http://thesauri.dainst.org/_d9be43fc,=,0.858569203234216,https://ark.frantiq.fr/ark:/26678/pcrta0rAmU2iDR,[],[],"[""skos:Concept""]",false,false positive
dhmultiling,idai-pactols_de-en,matcha-2026.tar.gz,[],[],"[""skos:Concept""]",http://thesauri.dainst.org/_a1f36e1b,=,0.9667838873689938,https://ark.frantiq.fr/ark:/26678/pcrt7UXeYrS8Nb,[],[],"[""skos:Concept""]",false,false positive
dhmultiling,idai-pactols_de-en,matcha-2026.tar.gz,[],[],"[""skos:Concept""]",http://thesauri.dainst.org/_718afccb,=,0.8834751128387622,https://ark.frantiq.fr/ark:/26678/pcrtQS6tuoSfSW,[],[],"[""skos:Concept""]",false,false positive
dhmultiling,idai-pactols_de-en,matcha-2026.tar.gz,[],[],"[""skos:Concept""]",http://thesauri.dainst.org/_bd4d65a8,=,0.0,https://ark.frantiq.fr/ark:/26678/pcrtgWbicZTgZe,[],[],"[""skos:Concept""]",true,false negative
dhmultiling,idai-pactols_de-en,matcha-2026.tar.gz,[],[],"[""skos:Concept""]",http://thesauri.dainst.org/_49462e56,=,0.0,https://ark.frantiq.fr/ark:/26678/pcrtVmQTWhdSkJ,[],[],"[""skos:Concept""]",true,false negative
dhmultiling,idai-pactols_de-en,matcha-2026.tar.gz,[],[],"[""skos:Concept""]",http://thesauri.dainst.org/_1adf0150,=,0.0,https://ark.frantiq.fr/ark:/26678/pcrtpbgzj4c0da,[],[],"[""skos:Concept""]",true,false negative
dhmultiling,idai-pactols_de-en,matcha-2026.tar.gz,[],[],"[""skos:Concept""]",http://thesauri.dainst.org/_9d586d5f,=,0.8801799238897164,https://ark.frantiq.fr/ark:/26678/pcrtxdz8S5BdEg,[],[],"[""skos:Concept""]",false,false positive
dhmultiling,idai-pactols_de-en,matcha-2026.tar.gz,[],[],"[""skos:Concept""]",http://thesauri.dainst.org/_457f46d8,=,0.8309782885004646,https://ark.frantiq.fr/ark:/26678/pcrtNU9yWjKe6U,[],[],"[""skos:Concept""]",false,false positive
dhmultiling,idai-pactols_de-en,matcha-2026.tar.gz,[],[],"[""skos:Concept""]",http://thesauri.dainst.org/_f044d10a,=,0.8781846702973374,https://ark.frantiq.fr/ark:/26678/pcrt9gfvI45Kcj,[],[],"[""skos:Concept""]",false,false positive
dhmultiling,idai-pactols_de-en,matcha-2026.tar.gz,[],[],"[""skos:Concept""]",http://thesauri.dainst.org/_7298b25f,=,0.8610579291602511,https://ark.frantiq.fr/ark:/26678/pcrtWouRhFysgx,[],[],"[""skos:Concept""]",false,false positive
dhmultiling,idai-pactols_de-en,matcha-2026.tar.gz,[],[],"[""skos:Concept""]",http://thesauri.dainst.org/_ee5484a4,=,0.8390124459289351,https://ark.frantiq.fr/ark:/26678/pcrtVgXu5JJGUg,[],[],"[""skos:Concept""]",false,false positive
dhmultiling,idai-pactols_de-en,matcha-2026.tar.gz,[],[],"[""skos:Concept""]",http://thesauri.dainst.org/_68baa941,=,0.812971718172681,https://ark.frantiq.fr/ark:/26678/pcrtxKnfzXYMxK,[],[],"[""skos:Concept""]",false,false positive
dhmultiling,idai-pactols_de-en,matcha-2026.tar.gz,[],[],"[""skos:Concept""]",http://thesauri.dainst.org/_d1051b90,=,0.7966543080173595,https://ark.frantiq.fr/ark:/26678/pcrtKei7jxhn32,[],[],"[""skos:Concept""]",false,false positive
dhmultiling,idai-pactols_de-en,matcha-2026.tar.gz,[],[],"[""skos:Concept""]",http://thesauri.dainst.org/_f0feb0f6,=,0.9103370197015325,https://ark.frantiq.fr/ark:/26678/pcrtjMFrjr1utW,[],[],"[""skos:Concept""]",false,false positive
dhmultiling,idai-pactols_de-en,matcha-2026.tar.gz,[],[],"[""skos:Concept""]",http://thesauri.dainst.org/_fa0559ba,=,0.892467285630584,https://ark.frantiq.fr/ark:/26678/pcrtfUWF9GVr4q,[],[],"[""skos:Concept""]",false,false positive
dhmultiling,idai-pactols_de-en,matcha-2026.tar.gz,[],[],"[""skos:Concept""]",http://thesauri.dainst.org/_3ec72d64,=,0.0,https://ark.frantiq.fr/ark:/26678/pcrt7UXeYrS8Nb,[],[],"[""skos:Concept""]",true,false negative
dhmultiling,idai-pactols_de-en,matcha-2026.tar.gz,[],[],"[""skos:Concept""]",http://thesauri.dainst.org/_ff7f0a52,=,0.9190308865494919,https://ark.frantiq.fr/ark:/26678/pcrtAqKgmvERHQ,[],[],"[""skos:Concept""]",false,false positive
dhmultiling,idai-pactols_de-en,matcha-2026.tar.gz,[],[],"[""skos:Concept""]",http://thesauri.dainst.org/_974a469f,=,0.9136831133797764,https://ark.frantiq.fr/ark:/26678/pcrtHIjtOg1P75,[],[],"[""skos:Concept""]",false,false positive
dhmultiling,idai-pactols_de-en,matcha-2026.tar.gz,[],[],"[""skos:Concept""]",http://thesauri.dainst.org/_8b38cf01,=,0.0,https://ark.frantiq.fr/ark:/26678/pcrt0Krn6QJlhU,[],[],"[""skos:Concept""]",true,false negative
dhmultiling,idai-pactols_en-fr,logmap-lite-2026.tar.gz,[],[],"[""skos:Concept""]",http://thesauri.dainst.org/_2c06eae5,=,0.0,https://ark.frantiq.fr/ark:/26678/pcrtJUwAaZ7Nz9,[],[],"[""skos:Concept""]",true,false negative
dhmultiling,idai-pactols_en-fr,logmap-lite-2026.tar.gz,[],[],"[""skos:Concept""]",http://thesauri.dainst.org/_c40b4a1d,=,0.0,https://ark.frantiq.fr/ark:/26678/pcrtrMvNrtSOHs,[],[],"[""skos:Concept""]",true,false negative
dhmultiling,idai-pactols_en-fr,logmap-lite-2026.tar.gz,"[""Concept""]",[],"[""owl:Class""]",http://www.w3.org/2004/02/skos/core#Concept,=,1.0,http://www.w3.org/2004/02/skos/core#Concept,"[""Concept""]",[],"[""owl:Class""]",false,false positive
dhmultiling,idai-pactols_en-fr,logmap-lite-2026.tar.gz,[],[],"[""skos:Concept""]",http://thesauri.dainst.org/_bd4d65a8,=,0.0,https://ark.frantiq.fr/ark:/26678/pcrtgWbicZTgZe,[],[],"[""skos:Concept""]",true,false negative
dhmultiling,idai-pactols_en-fr,logmap-lite-2026.tar.gz,[],[],"[""skos:Concept""]",http://thesauri.dainst.org/_4688b7a6,=,0.0,https://ark.frantiq.fr/ark:/26678/pcrtF9P4mbuyGk,[],[],"[""skos:Concept""]",true,false negative
dhmultiling,idai-pactols_en-fr,logmap-lite-2026.tar.gz,[],[],"[""skos:Concept""]",http://thesauri.dainst.org/_8b38cf01,=,0.0,https://ark.frantiq.fr/ark:/26678/pcrt0Krn6QJlhU,[],[],"[""skos:Concept""]",true,false negative
dhmultiling,idai-pactols_en-fr,logmap-lite-2026.tar.gz,[],[],"[""skos:Concept""]",http://thesauri.dainst.org/_b02158bd,=,0.0,https://ark.frantiq.fr/ark:/26678/pcrtJUwAaZ7Nz9,[],[],"[""skos:Concept""]",true,false negative
dhmultiling,idai-pactols_de-it,matcha-2026.tar.gz,[],[],"[""skos:Concept""]",http://thesauri.dainst.org/_84dab463,=,0.7595873494850208,https://ark.frantiq.fr/ark:/26678/pcrtVmQTWhdSkJ,[],[],"[""skos:Concept""]",false,false positive
dhmultiling,idai-pactols_de-it,matcha-2026.tar.gz,[],[],"[""skos:Concept""]",http://thesauri.dainst.org/_a2a48ebb,=,0.9499858468092404,https://ark.frantiq.fr/ark:/26678/pcrtQY3u48DUrQ,[],[],"[""skos:Concept""]",false,false positive
dhmultiling,idai-pactols_de-it,matcha-2026.tar.gz,[],[],"[""skos:Concept""]",http://thesauri.dainst.org/_a895a6cb,=,0.8765711712318486,https://ark.frantiq.fr/ark:/26678/pcrtJUwAaZ7Nz9,[],[],"[""skos:Concept""]",false,false positive
dhmultiling,idai-pactols_de-it,matcha-2026.tar.gz,[],[],"[""skos:Concept""]",http://thesauri.dainst.org/_e8d3452c,=,0.78075351284464,https://ark.frantiq.fr/ark:/26678/pcrt66PQUHwXaw,[],[],"[""skos:Concept""]",false,false positive
dhmultiling,idai-pactols_de-it,matcha-2026.tar.gz,[],[],"[""skos:Concept""]",http://thesauri.dainst.org/_bfe9d808,=,0.9021522596508194,https://ark.frantiq.fr/ark:/26678/pcrtHIjtOg1P75,[],[],"[""skos:Concept""]",false,false positive
dhmultiling,idai-pactols_de-it,matcha-2026.tar.gz,[],[],"[""skos:Concept""]",http://thesauri.dainst.org/_ed21f72e,=,0.8314631050900413,https://ark.frantiq.fr/ark:/26678/pcrtAYfItWHoOV,[],[],"[""skos:Concept""]",false,false positive
dhmultiling,idai-pactols_de-it,matcha-2026.tar.gz,[],[],"[""skos:Concept""]",http://thesauri.dainst.org/_dafb0ad8,=,0.0,https://ark.frantiq.fr/ark:/26678/pcrtfOjLfceAZ0,[],[],"[""skos:Concept""]",true,false negative
dhmultiling,idai-pactols_de-it,matcha-2026.tar.gz,[],[],"[""skos:Concept""]",http://thesauri.dainst.org/_030f290f,=,0.7663384798499112,https://ark.frantiq.fr/ark:/26678/pcrtx4sFxmENjb,[],[],"[""skos:Concept""]",false,false positive
dhmultiling,idai-pactols_de-it,matcha-2026.tar.gz,[],[],"[""skos:Concept""]",http://thesauri.dainst.org/_4892310d,=,0.9267173828198377,https://ark.frantiq.fr/ark:/26678/pcrt5MQsnfNDTD,[],[],"[""skos:Concept""]",false,false positive
dhmultiling,idai-pactols_de-it,matcha-2026.tar.gz,[],[],"[""skos:Concept""]",http://thesauri.dainst.org/_a9e10cab,=,0.0,https://ark.frantiq.fr/ark:/26678/pcrtp5Wcpmp9I3,[],[],"[""skos:Concept""]",true,false negative
dhmultiling,idai-pactols_de-it,matcha-2026.tar.gz,[],[],"[""skos:Concept""]",http://thesauri.dainst.org/_68e1bd31,=,0.8340743599242315,https://ark.frantiq.fr/ark:/26678/pcrt1FD59O4eTz,[],[],"[""skos:Concept""]",true,true positive
dhmultiling,idai-pactols_de-it,matcha-2026.tar.gz,[],[],"[""skos:Concept""]",http://thesauri.dainst.org/_c3190c99,=,0.8440565415208926,https://ark.frantiq.fr/ark:/26678/pcrtkeLpJpVN4t,[],[],"[""skos:Concept""]",false,false positive
dhmultiling,idai-pactols_de-it,matcha-2026.tar.gz,[],[],"[""skos:Concept""]",http://thesauri.dainst.org/_ae852212,=,0.9213724995466906,https://ark.frantiq.fr/ark:/26678/pcrtKZYwYOkWlK,[],[],"[""skos:Concept""]",false,false positive
dhmultiling,idai-pactols_de-it,matcha-2026.tar.gz,[],[],"[""skos:Concept""]",http://thesauri.dainst.org/_c816fc0d,=,0.7996377394854577,https://ark.frantiq.fr/ark:/26678/pcrtrMvNrtSOHs,[],[],"[""skos:Concept""]",false,false positive
dhmultiling,idai-pactols_de-it,matcha-2026.tar.gz,[],[],"[""skos:Concept""]",http://thesauri.dainst.org/_d3b9f438,=,0.0,https://ark.frantiq.fr/ark:/26678/pcrtKZYwYOkWlK,[],[],"[""skos:Concept""]",true,false negative
dhmultiling,idai-pactols_de-it,matcha-2026.tar.gz,[],[],"[""skos:Concept""]",http://thesauri.dainst.org/_d321ff61,=,0.9969891957326739,https://ark.frantiq.fr/ark:/26678/pcrtgWbicZTgZe,[],[],"[""skos:Concept""]",true,true positive
dhmultiling,idai-pactols_de-it,matcha-2026.tar.gz,[],[],"[""skos:Concept""]",http://thesauri.dainst.org/_ddec5452,=,0.9021522596508194,https://ark.frantiq.fr/ark:/26678/pcrtHIjtOg1P75,[],[],"[""skos:Concept""]",false,false positive
dhmultiling,idai-pactols_de-it,matcha-2026.tar.gz,[],[],"[""skos:Concept""]",http://thesauri.dainst.org/_a1bd82ab,=,0.7625975748030557,https://ark.frantiq.fr/ark:/26678/pcrtXOuO8FKGbe,[],[],"[""skos:Concept""]",false,false positive
dhmultiling,idai-pactols_de-it,matcha-2026.tar.gz,[],[],"[""skos:Concept""]",http://thesauri.dainst.org/_865f6c1e,=,0.9036538327300375,https://ark.frantiq.fr/ark:/26678/pcrtpZHoU1vm9o,[],[],"[""skos:Concept""]",false,false positive
dhmultiling,idai-pactols_de-it,matcha-2026.tar.gz,[],[],"[""skos:Concept""]",http://thesauri.dainst.org/_d9be43fc,=,0.858569203234216,https://ark.frantiq.fr/ark:/26678/pcrta0rAmU2iDR,[],[],"[""skos:Concept""]",false,false positive
dhmultiling,idai-pactols_de-it,matcha-2026.tar.gz,[],[],"[""skos:Concept""]",http://thesauri.dainst.org/_43c37536,=,0.8077218506347861,https://ark.frantiq.fr/ark:/26678/pcrtms2OAv82PY,[],[],"[""skos:Concept""]",false,false positive
dhmultiling,idai-pactols_de-it,matcha-2026.tar.gz,[],[],"[""skos:Concept""]",http://thesauri.dainst.org/_43845c5d,=,0.8019787579037085,https://ark.frantiq.fr/ark:/26678/pcrt9gfvI45Kcj,[],[],"[""skos:Concept""]",false,false positive
dhmultiling,idai-pactols_de-it,matcha-2026.tar.gz,[],[],"[""skos:Concept""]",http://thesauri.dainst.org/_718afccb,=,0.8834751128387622,https://ark.frantiq.fr/ark:/26678/pcrtQS6tuoSfSW,[],[],"[""skos:Concept""]",false,false positive
dhmultiling,idai-pactols_de-it,matcha-2026.tar.gz,[],[],"[""skos:Concept""]",http://thesauri.dainst.org/_bd4d65a8,=,0.0,https://ark.frantiq.fr/ark:/26678/pcrtgWbicZTgZe,[],[],"[""skos:Concept""]",true,false negative
dhmultiling,idai-pactols_de-it,matcha-2026.tar.gz,[],[],"[""skos:Concept""]",http://thesauri.dainst.org/_49462e56,=,0.0,https://ark.frantiq.fr/ark:/26678/pcrtVmQTWhdSkJ,[],[],"[""skos:Concept""]",true,false negative
dhmultiling,idai-pactols_de-it,matcha-2026.tar.gz,[],[],"[""skos:Concept""]",http://thesauri.dainst.org/_eb409d86,=,0.9499858468092404,https://ark.frantiq.fr/ark:/26678/pcrtQY3u48DUrQ,[],[],"[""skos:Concept""]",false,false positive
dhmultiling,idai-pactols_de-it,matcha-2026.tar.gz,[],[],"[""skos:Concept""]",http://thesauri.dainst.org/_b5294159,=,0.7829501519896693,https://ark.frantiq.fr/ark:/26678/pcrtXGgQa70ZVU,[],[],"[""skos:Concept""]",false,false positive
dhmultiling,idai-pactols_de-it,matcha-2026.tar.gz,[],[],"[""skos:Concept""]",http://thesauri.dainst.org/_1adf0150,=,0.0,https://ark.frantiq.fr/ark:/26678/pcrtpbgzj4c0da,[],[],"[""skos:Concept""]",true,false negative
dhmultiling,idai-pactols_de-it,matcha-2026.tar.gz,[],[],"[""skos:Concept""]",http://thesauri.dainst.org/_f0feb0f6,=,0.9398534278978357,https://ark.frantiq.fr/ark:/26678/pcrtjMFrjr1utW,[],[],"[""skos:Concept""]",false,false positive
dhmultiling,idai-pactols_de-it,matcha-2026.tar.gz,[],[],"[""skos:Concept""]",http://thesauri.dainst.org/_ff7f0a52,=,0.9190308865494919,https://ark.frantiq.fr/ark:/26678/pcrtAqKgmvERHQ,[],[],"[""skos:Concept""]",false,false positive
dhmultiling,idai-pactols_de-it,matcha-2026.tar.gz,[],[],"[""skos:Concept""]",http://thesauri.dainst.org/_8b38cf01,=,0.0,https://ark.frantiq.fr/ark:/26678/pcrt0Krn6QJlhU,[],[],"[""skos:Concept""]",true,false negative
dhmultiling,idai-pactols_de-it,matcha-2026.tar.gz,[],[],"[""skos:Concept""]",http://thesauri.dainst.org/_e57135bf,=,0.8878522988669224,https://ark.frantiq.fr/ark:/26678/pcrtWouRhFysgx,[],[],"[""skos:Concept""]",false,false positive
dhmultiling,idai-pactols_de-it,matcha-2026.tar.gz,[],[],"[""skos:Concept""]",http://thesauri.dainst.org/_f09b41b4,=,1.0,https://ark.frantiq.fr/ark:/26678/pcrt0Krn6QJlhU,[],[],"[""skos:Concept""]",true,true positive
dhmultiling,idai-pactols_de-it,matcha-2026.tar.gz,[],[],"[""skos:Concept""]",http://thesauri.dainst.org/_16c63f27,=,0.8155324974279385,https://ark.frantiq.fr/ark:/26678/pcrtwvbHs6SmP8,[],[],"[""skos:Concept""]",false,false positive
dhmultiling,idai-pactols_de-it,matcha-2026.tar.gz,[],[],"[""skos:Concept""]",http://thesauri.dainst.org/_ca4273ea,=,0.9196390595017377,https://ark.frantiq.fr/ark:/26678/pcrtD19Y1kxWR4,[],[],"[""skos:Concept""]",false,false positive
dhmultiling,idai-pactols_de-it,matcha-2026.tar.gz,[],[],"[""skos:Concept""]",http://thesauri.dainst.org/_af2f2dad,=,0.0,https://ark.frantiq.fr/ark:/26678/pcrtVgXu5JJGUg,[],[],"[""skos:Concept""]",true,false negative
dhmultiling,idai-pactols_de-it,matcha-2026.tar.gz,[],[],"[""skos:Concept""]",http://thesauri.dainst.org/_49517e78,=,0.0,https://ark.frantiq.fr/ark:/26678/pcrt36pke8yWxW,[],[],"[""skos:Concept""]",true,false negative
dhmultiling,idai-pactols_de-it,matcha-2026.tar.gz,[],[],"[""skos:Concept""]",http://thesauri.dainst.org/_9356a843,=,0.9185151825418975,https://ark.frantiq.fr/ark:/26678/pcrthcbe2XySTb,[],[],"[""skos:Concept""]",false,false positive
dhmultiling,idai-pactols_de-it,matcha-2026.tar.gz,[],[],"[""skos:Concept""]",http://thesauri.dainst.org/_2c06eae5,=,0.0,https://ark.frantiq.fr/ark:/26678/pcrtJUwAaZ7Nz9,[],[],"[""skos:Concept""]",true,false negative
dhmultiling,idai-pactols_de-it,matcha-2026.tar.gz,[],[],"[""skos:Concept""]",http://thesauri.dainst.org/_c40b4a1d,=,0.0,https://ark.frantiq.fr/ark:/26678/pcrtrMvNrtSOHs,[],[],"[""skos:Concept""]",true,false negative
dhmultiling,idai-pactols_de-it,matcha-2026.tar.gz,[],[],"[""skos:Concept""]",http://thesauri.dainst.org/_4688b7a6,=,0.8077687726369668,https://ark.frantiq.fr/ark:/26678/pcrtF9P4mbuyGk,[],[],"[""skos:Concept""]",true,true positive
dhmultiling,idai-pactols_de-it,matcha-2026.tar.gz,[],[],"[""skos:Concept""]",http://thesauri.dainst.org/_b02158bd,=,0.0,https://ark.frantiq.fr/ark:/26678/pcrtJUwAaZ7Nz9,[],[],"[""skos:Concept""]",true,false negative
dhmultiling,idai-pactols_de-it,matcha-2026.tar.gz,[],[],"[""skos:Concept""]",http://thesauri.dainst.org/_8f221bc6,=,0.813645308008937,https://ark.frantiq.fr/ark:/26678/pcrtpbgzj4c0da,[],[],"[""skos:Concept""]",false,false positive
dhmultiling,idai-pactols_de-it,matcha-2026.tar.gz,[],[],"[""skos:Concept""]",http://thesauri.dainst.org/_14742562,=,0.8258139650611784,https://ark.frantiq.fr/ark:/26678/pcrtfOjLfceAZ0,[],[],"[""skos:Concept""]",false,false positive
dhmultiling,idai-pactols_de-it,matcha-2026.tar.gz,[],[],"[""skos:Concept""]",http://thesauri.dainst.org/_b6b5253e,=,0.8218337649366126,https://ark.frantiq.fr/ark:/26678/pcrtKei7jxhn32,[],[],"[""skos:Concept""]",false,false positive
dhmultiling,idai-pactols_de-it,matcha-2026.tar.gz,[],[],"[""skos:Concept""]",http://thesauri.dainst.org/_974a469f,=,0.8878522988669224,https://ark.frantiq.fr/ark:/26678/pcrtWouRhFysgx,[],[],"[""skos:Concept""]",false,false positive
dhmultiling,idai-pactols_de-it,matcha-2026.tar.gz,[],[],"[""skos:Concept""]",http://thesauri.dainst.org/_a1f36e1b,=,0.9667838873689938,https://ark.frantiq.fr/ark:/26678/pcrt7UXeYrS8Nb,[],[],"[""skos:Concept""]",false,false positive
dhmultiling,idai-pactols_de-it,matcha-2026.tar.gz,[],[],"[""skos:Concept""]",http://thesauri.dainst.org/_fa0559ba,=,0.8461227721400235,https://ark.frantiq.fr/ark:/26678/pcrtxKnfzXYMxK,[],[],"[""skos:Concept""]",false,false positive
dhmultiling,idai-pactols_de-it,matcha-2026.tar.gz,[],[],"[""skos:Concept""]",http://thesauri.dainst.org/_9d586d5f,=,0.8801799238897164,https://ark.frantiq.fr/ark:/26678/pcrtxdz8S5BdEg,[],[],"[""skos:Concept""]",false,false positive
dhmultiling,idai-pactols_de-it,matcha-2026.tar.gz,[],[],"[""skos:Concept""]",http://thesauri.dainst.org/_457f46d8,=,0.8499318702746252,https://ark.frantiq.fr/ark:/26678/pcrtNU9yWjKe6U,[],[],"[""skos:Concept""]",false,false positive
dhmultiling,idai-pactols_de-it,matcha-2026.tar.gz,[],[],"[""skos:Concept""]",http://thesauri.dainst.org/_3ec72d64,=,0.0,https://ark.frantiq.fr/ark:/26678/pcrt7UXeYrS8Nb,[],[],"[""skos:Concept""]",true,false negative
dhmultiling,idai-pactols_de-it,matcha-2026.tar.gz,[],[],"[""skos:Concept""]",http://thesauri.dainst.org/_87a30753,=,0.8366798954173608,https://ark.frantiq.fr/ark:/26678/pcrtfUWF9GVr4q,[],[],"[""skos:Concept""]",false,false positive
dhmultiling,idai-pactols_de-it,matcha-2026.tar.gz,[],[],"[""skos:Concept""]",http://thesauri.dainst.org/_11c52df1,=,0.8211202638888196,https://ark.frantiq.fr/ark:/26678/pcrteJiI6BxaFN,[],[],"[""skos:Concept""]",false,false positive
dhmultiling,idai-pactols_fr-fr,logmap-lite-2026.tar.gz,[],[],"[""skos:Concept""]",http://thesauri.dainst.org/_2c06eae5,=,0.0,https://ark.frantiq.fr/ark:/26678/pcrtJUwAaZ7Nz9,[],[],"[""skos:Concept""]",true,false negative
dhmultiling,idai-pactols_fr-fr,logmap-lite-2026.tar.gz,[],[],"[""skos:Concept""]",http://thesauri.dainst.org/_c40b4a1d,=,0.0,https://ark.frantiq.fr/ark:/26678/pcrtrMvNrtSOHs,[],[],"[""skos:Concept""]",true,false negative
dhmultiling,idai-pactols_fr-fr,logmap-lite-2026.tar.gz,"[""Concept""]",[],"[""owl:Class""]",http://www.w3.org/2004/02/skos/core#Concept,=,1.0,http://www.w3.org/2004/02/skos/core#Concept,"[""Concept""]",[],"[""owl:Class""]",false,false positive
dhmultiling,idai-pactols_fr-fr,logmap-lite-2026.tar.gz,[],[],"[""skos:Concept""]",http://thesauri.dainst.org/_4688b7a6,=,0.0,https://ark.frantiq.fr/ark:/26678/pcrtF9P4mbuyGk,[],[],"[""skos:Concept""]",true,false negative
dhmultiling,idai-pactols_fr-fr,logmap-lite-2026.tar.gz,[],[],"[""skos:Concept""]",http://thesauri.dainst.org/_b02158bd,=,0.0,https://ark.frantiq.fr/ark:/26678/pcrtJUwAaZ7Nz9,[],[],"[""skos:Concept""]",true,false negative
dhmultiling,idai-pactols_fr-it,logmap-kg-2026.tar.gz,[],[],"[""skos:Concept""]",http://thesauri.dainst.org/_2c06eae5,=,0.0,https://ark.frantiq.fr/ark:/26678/pcrtJUwAaZ7Nz9,[],[],"[""skos:Concept""]",true,false negative
dhmultiling,idai-pactols_fr-it,logmap-kg-2026.tar.gz,[],[],"[""skos:Concept""]",http://thesauri.dainst.org/_c40b4a1d,=,0.0,https://ark.frantiq.fr/ark:/26678/pcrtrMvNrtSOHs,[],[],"[""skos:Concept""]",true,false negative
dhmultiling,idai-pactols_fr-it,logmap-kg-2026.tar.gz,[],[],[],http://thesauri.dainst.org/schema#memberOf,=,1.0,http://purl.org/umu/uneskos#memberOf,[],[],[],false,false positive
dhmultiling,idai-pactols_fr-it,logmap-kg-2026.tar.gz,[],[],"[""skos:Concept""]",http://thesauri.dainst.org/_4688b7a6,=,0.0,https://ark.frantiq.fr/ark:/26678/pcrtF9P4mbuyGk,[],[],"[""skos:Concept""]",true,false negative
dhmultiling,idai-pactols_fr-it,logmap-kg-2026.tar.gz,[],[],"[""skos:Concept""]",http://thesauri.dainst.org/_615d140c,=,0.82,https://ark.frantiq.fr/ark:/26678/pcrtgWbicZTgZe,[],[],"[""skos:Concept""]",false,false positive
dhmultiling,idai-pactols_fr-it,logmap-kg-2026.tar.gz,[],[],"[""skos:Concept""]",http://thesauri.dainst.org/_b02158bd,=,0.0,https://ark.frantiq.fr/ark:/26678/pcrtJUwAaZ7Nz9,[],[],"[""skos:Concept""]",true,false negative
dhmultiling,idai-pactols_de-it,logmap-kg-2026.tar.gz,[],[],"[""skos:Concept""]",http://thesauri.dainst.org/_f09b41b4,=,1.0,https://ark.frantiq.fr/ark:/26678/pcrt0Krn6QJlhU,[],[],"[""skos:Concept""]",true,true positive
dhmultiling,idai-pactols_de-it,logmap-kg-2026.tar.gz,[],[],"[""skos:Concept""]",http://thesauri.dainst.org/_ca4273ea,=,0.95,https://ark.frantiq.fr/ark:/26678/pcrtD19Y1kxWR4,[],[],"[""skos:Concept""]",false,false positive
dhmultiling,idai-pactols_de-it,logmap-kg-2026.tar.gz,[],[],"[""skos:Concept""]",http://thesauri.dainst.org/_af2f2dad,=,0.0,https://ark.frantiq.fr/ark:/26678/pcrtVgXu5JJGUg,[],[],"[""skos:Concept""]",true,false negative
dhmultiling,idai-pactols_de-it,logmap-kg-2026.tar.gz,[],[],"[""skos:Concept""]",http://thesauri.dainst.org/_a1f36e1b,=,0.96,https://ark.frantiq.fr/ark:/26678/pcrt7UXeYrS8Nb,[],[],"[""skos:Concept""]",false,false positive
dhmultiling,idai-pactols_de-it,logmap-kg-2026.tar.gz,[],[],"[""skos:Concept""]",http://thesauri.dainst.org/_dafb0ad8,=,0.0,https://ark.frantiq.fr/ark:/26678/pcrtfOjLfceAZ0,[],[],"[""skos:Concept""]",true,false negative
dhmultiling,idai-pactols_de-it,logmap-kg-2026.tar.gz,[],[],"[""skos:Concept""]",http://thesauri.dainst.org/_bd4d65a8,=,0.0,https://ark.frantiq.fr/ark:/26678/pcrtgWbicZTgZe,[],[],"[""skos:Concept""]",true,false negative
dhmultiling,idai-pactols_de-it,logmap-kg-2026.tar.gz,[],[],"[""skos:Concept""]",http://thesauri.dainst.org/_49517e78,=,0.0,https://ark.frantiq.fr/ark:/26678/pcrt36pke8yWxW,[],[],"[""skos:Concept""]",true,false negative
dhmultiling,idai-pactols_de-it,logmap-kg-2026.tar.gz,[],[],"[""skos:Concept""]",http://thesauri.dainst.org/_49462e56,=,0.0,https://ark.frantiq.fr/ark:/26678/pcrtVmQTWhdSkJ,[],[],"[""skos:Concept""]",true,false negative
dhmultiling,idai-pactols_de-it,logmap-kg-2026.tar.gz,[],[],"[""skos:Concept""]",http://thesauri.dainst.org/_1adf0150,=,0.0,https://ark.frantiq.fr/ark:/26678/pcrtpbgzj4c0da,[],[],"[""skos:Concept""]",true,false negative
dhmultiling,idai-pactols_de-it,logmap-kg-2026.tar.gz,[],[],"[""skos:Concept""]",http://thesauri.dainst.org/_2c06eae5,=,0.0,https://ark.frantiq.fr/ark:/26678/pcrtJUwAaZ7Nz9,[],[],"[""skos:Concept""]",true,false negative
dhmultiling,idai-pactols_de-it,logmap-kg-2026.tar.gz,[],[],"[""skos:Concept""]",http://thesauri.dainst.org/_a9e10cab,=,0.0,https://ark.frantiq.fr/ark:/26678/pcrtp5Wcpmp9I3,[],[],"[""skos:Concept""]",true,false negative
dhmultiling,idai-pactols_de-it,logmap-kg-2026.tar.gz,[],[],"[""skos:Concept""]",http://thesauri.dainst.org/_c40b4a1d,=,0.0,https://ark.frantiq.fr/ark:/26678/pcrtrMvNrtSOHs,[],[],"[""skos:Concept""]",true,false negative
dhmultiling,idai-pactols_de-it,logmap-kg-2026.tar.gz,[],[],"[""skos:Concept""]",http://thesauri.dainst.org/_68e1bd31,=,0.0,https://ark.frantiq.fr/ark:/26678/pcrt1FD59O4eTz,[],[],"[""skos:Concept""]",true,false negative
dhmultiling,idai-pactols_de-it,logmap-kg-2026.tar.gz,[],[],"[""skos:Concept""]",http://thesauri.dainst.org/_3ec72d64,=,0.0,https://ark.frantiq.fr/ark:/26678/pcrt7UXeYrS8Nb,[],[],"[""skos:Concept""]",true,false negative
dhmultiling,idai-pactols_de-it,logmap-kg-2026.tar.gz,[],[],[],http://thesauri.dainst.org/schema#memberOf,=,1.0,http://purl.org/umu/uneskos#memberOf,[],[],[],false,false positive
dhmultiling,idai-pactols_de-it,logmap-kg-2026.tar.gz,[],[],"[""skos:Concept""]",http://thesauri.dainst.org/_d3b9f438,=,0.0,https://ark.frantiq.fr/ark:/26678/pcrtKZYwYOkWlK,[],[],"[""skos:Concept""]",true,false negative
dhmultiling,idai-pactols_de-it,logmap-kg-2026.tar.gz,[],[],"[""skos:Concept""]",http://thesauri.dainst.org/_4688b7a6,=,0.0,https://ark.frantiq.fr/ark:/26678/pcrtF9P4mbuyGk,[],[],"[""skos:Concept""]",true,false negative
dhmultiling,idai-pactols_de-it,logmap-kg-2026.tar.gz,[],[],"[""skos:Concept""]",http://thesauri.dainst.org/_d321ff61,=,0.98,https://ark.frantiq.fr/ark:/26678/pcrtgWbicZTgZe,[],[],"[""skos:Concept""]",true,true positive
dhmultiling,idai-pactols_de-it,logmap-kg-2026.tar.gz,[],[],"[""skos:Concept""]",http://thesauri.dainst.org/_8b38cf01,=,0.0,https://ark.frantiq.fr/ark:/26678/pcrt0Krn6QJlhU,[],[],"[""skos:Concept""]",true,false negative
dhmultiling,idai-pactols_de-it,logmap-kg-2026.tar.gz,[],[],"[""skos:Concept""]",http://thesauri.dainst.org/_b02158bd,=,0.0,https://ark.frantiq.fr/ark:/26678/pcrtJUwAaZ7Nz9,[],[],"[""skos:Concept""]",true,false negative
dhmultiling,idai-pactols_en-fr,matcha-2026.tar.gz,[],[],"[""skos:Concept""]",http://thesauri.dainst.org/_c985d948,=,0.8701059917094488,https://ark.frantiq.fr/ark:/26678/pcrtjMFrjr1utW,[],[],"[""skos:Concept""]",false,false positive
dhmultiling,idai-pactols_en-fr,matcha-2026.tar.gz,[],[],"[""skos:Concept""]",http://thesauri.dainst.org/_63094a09,=,0.8065426533706936,https://ark.frantiq.fr/ark:/26678/pcrtx4sFxmENjb,[],[],"[""skos:Concept""]",false,false positive
dhmultiling,idai-pactols_en-fr,matcha-2026.tar.gz,[],[],"[""skos:Concept""]",http://thesauri.dainst.org/_14364b92,=,0.8181535077972536,https://ark.frantiq.fr/ark:/26678/pcrtxdz8S5BdEg,[],[],"[""skos:Concept""]",false,false positive
dhmultiling,idai-pactols_en-fr,matcha-2026.tar.gz,[],[],"[""skos:Concept""]",http://thesauri.dainst.org/_15165d64,=,0.7660695372840177,https://ark.frantiq.fr/ark:/26678/pcrtAYfItWHoOV,[],[],"[""skos:Concept""]",false,false positive
dhmultiling,idai-pactols_en-fr,matcha-2026.tar.gz,[],[],"[""skos:Concept""]",http://thesauri.dainst.org/_3b4ba2e6,=,0.9790395852660719,https://ark.frantiq.fr/ark:/26678/pcrtXGgQa70ZVU,[],[],"[""skos:Concept""]",false,false positive
dhmultiling,idai-pactols_en-fr,matcha-2026.tar.gz,[],[],"[""skos:Concept""]",http://thesauri.dainst.org/_c79aa7ce,=,0.8795698285980136,https://ark.frantiq.fr/ark:/26678/pcrt9WXX2cWeOQ,[],[],"[""skos:Concept""]",false,false positive
dhmultiling,idai-pactols_en-fr,matcha-2026.tar.gz,[],[],"[""skos:Concept""]",http://thesauri.dainst.org/_644078e3,=,0.7539565506242935,https://ark.frantiq.fr/ark:/26678/pcrtp5Wcpmp9I3,[],[],"[""skos:Concept""]",false,false positive
dhmultiling,idai-pactols_en-fr,matcha-2026.tar.gz,[],[],"[""skos:Concept""]",http://thesauri.dainst.org/_04fa2c52,=,0.8751826635957674,https://ark.frantiq.fr/ark:/26678/pcrtXOuO8FKGbe,[],[],"[""skos:Concept""]",false,false positive
dhmultiling,idai-pactols_en-fr,matcha-2026.tar.gz,[],[],"[""skos:Concept""]",http://thesauri.dainst.org/_8513ac4e,=,0.8607112386616141,https://ark.frantiq.fr/ark:/26678/pcrtgWbicZTgZe,[],[],"[""skos:Concept""]",false,false positive
dhmultiling,idai-pactols_en-fr,matcha-2026.tar.gz,[],[],"[""skos:Concept""]",http://thesauri.dainst.org/_fc496e78,=,0.8475599236876535,https://ark.frantiq.fr/ark:/26678/pcrtNU9yWjKe6U,[],[],"[""skos:Concept""]",false,false positive
dhmultiling,idai-pactols_en-fr,matcha-2026.tar.gz,[],[],"[""skos:Concept""]",http://thesauri.dainst.org/_33abca52,=,0.8050817186808142,https://ark.frantiq.fr/ark:/26678/pcrtmE7KBD6QPZ,[],[],"[""skos:Concept""]",false,false positive
dhmultiling,idai-pactols_en-fr,matcha-2026.tar.gz,[],[],"[""skos:Concept""]",http://thesauri.dainst.org/_e5065f53,=,0.8340885138198944,https://ark.frantiq.fr/ark:/26678/pcrtKei7jxhn32,[],[],"[""skos:Concept""]",false,false positive
dhmultiling,idai-pactols_en-fr,matcha-2026.tar.gz,[],[],"[""skos:Concept""]",http://thesauri.dainst.org/_9047a17e,=,0.9790395852660719,https://ark.frantiq.fr/ark:/26678/pcrtXGgQa70ZVU,[],[],"[""skos:Concept""]",false,false positive
dhmultiling,idai-pactols_en-fr,matcha-2026.tar.gz,[],[],"[""skos:Concept""]",http://thesauri.dainst.org/_2c06eae5,=,0.7886155467409817,https://ark.frantiq.fr/ark:/26678/pcrtJUwAaZ7Nz9,[],[],"[""skos:Concept""]",true,true positive
dhmultiling,idai-pactols_en-fr,matcha-2026.tar.gz,[],[],"[""skos:Concept""]",http://thesauri.dainst.org/_003b194e,=,0.8340885138198944,https://ark.frantiq.fr/ark:/26678/pcrtKei7jxhn32,[],[],"[""skos:Concept""]",false,false positive
dhmultiling,idai-pactols_en-fr,matcha-2026.tar.gz,[],[],"[""skos:Concept""]",http://thesauri.dainst.org/_c40b4a1d,=,0.8312576280402837,https://ark.frantiq.fr/ark:/26678/pcrtrMvNrtSOHs,[],[],"[""skos:Concept""]",true,true positive
dhmultiling,idai-pactols_en-fr,matcha-2026.tar.gz,[],[],"[""skos:Concept""]",http://thesauri.dainst.org/_8e0ef9a5,=,0.8588360401626864,https://ark.frantiq.fr/ark:/26678/pcrteJiI6BxaFN,[],[],"[""skos:Concept""]",false,false positive
dhmultiling,idai-pactols_en-fr,matcha-2026.tar.gz,[],[],"[""skos:Concept""]",http://thesauri.dainst.org/_c816fc0d,=,0.8312576280402837,https://ark.frantiq.fr/ark:/26678/pcrtrMvNrtSOHs,[],[],"[""skos:Concept""]",false,false positive
dhmultiling,idai-pactols_en-fr,matcha-2026.tar.gz,[],[],"[""skos:Concept""]",http://thesauri.dainst.org/_4688b7a6,=,0.9480121497479712,https://ark.frantiq.fr/ark:/26678/pcrtF9P4mbuyGk,[],[],"[""skos:Concept""]",true,true positive
dhmultiling,idai-pactols_en-fr,matcha-2026.tar.gz,[],[],"[""skos:Concept""]",http://thesauri.dainst.org/_8d8e446a,=,0.909287615004419,https://ark.frantiq.fr/ark:/26678/pcrtpbgzj4c0da,[],[],"[""skos:Concept""]",false,false positive
dhmultiling,idai-pactols_en-fr,matcha-2026.tar.gz,[],[],"[""skos:Concept""]",http://thesauri.dainst.org/_b02158bd,=,0.0,https://ark.frantiq.fr/ark:/26678/pcrtJUwAaZ7Nz9,[],[],"[""skos:Concept""]",true,false negative
dhmultiling,idai-pactols_en-fr,matcha-2026.tar.gz,[],[],"[""skos:Concept""]",http://thesauri.dainst.org/_b228a5eb,=,0.8494078290414832,https://ark.frantiq.fr/ark:/26678/pcrtMZpgRPheIJ,[],[],"[""skos:Concept""]",false,false positive
dhmultiling,idai-pactols_en-fr,matcha-2026.tar.gz,[],[],"[""skos:Concept""]",http://thesauri.dainst.org/_4363b8b2,=,0.8050822619578984,https://ark.frantiq.fr/ark:/26678/pcrt3FTqaIdbpb,[],[],"[""skos:Concept""]",false,false positive
dhmultiling,idai-pactols_en-fr,matcha-2026.tar.gz,[],[],"[""skos:Concept""]",http://thesauri.dainst.org/_1c4e6622,=,0.7800723030584572,https://ark.frantiq.fr/ark:/26678/pcrtms2OAv82PY,[],[],"[""skos:Concept""]",false,false positive
dhmultiling,idai-pactols_en-fr,matcha-2026.tar.gz,[],[],"[""skos:Concept""]",http://thesauri.dainst.org/_5c7aad16,=,0.9116290170333571,https://ark.frantiq.fr/ark:/26678/pcrtD19Y1kxWR4,[],[],"[""skos:Concept""]",false,false positive
dhmultiling,idai-pactols_en-fr,matcha-2026.tar.gz,[],[],"[""skos:Concept""]",http://thesauri.dainst.org/_274864be,=,0.8698554799060588,https://ark.frantiq.fr/ark:/26678/pcrtHIjtOg1P75,[],[],"[""skos:Concept""]",false,false positive
dhmultiling,idai-pactols_en-fr,matcha-2026.tar.gz,[],[],"[""skos:Concept""]",http://thesauri.dainst.org/_2771dbb3,=,0.7919438463995914,https://ark.frantiq.fr/ark:/26678/pcrtKZYwYOkWlK,[],[],"[""skos:Concept""]",false,false positive
dhmultiling,idai-pactols_en-fr,matcha-2026.tar.gz,[],[],"[""skos:Concept""]",http://thesauri.dainst.org/_d9be43fc,=,0.8307078641586754,https://ark.frantiq.fr/ark:/26678/pcrta0rAmU2iDR,[],[],"[""skos:Concept""]",false,false positive
dhmultiling,idai-pactols_en-fr,matcha-2026.tar.gz,[],[],"[""skos:Concept""]",http://thesauri.dainst.org/_3205eeb2,=,0.8778478510064596,https://ark.frantiq.fr/ark:/26678/pcrtAqKgmvERHQ,[],[],"[""skos:Concept""]",false,false positive
dhmultiling,idai-pactols_en-fr,matcha-2026.tar.gz,[],[],"[""skos:Concept""]",http://thesauri.dainst.org/_718afccb,=,0.8834751128387622,https://ark.frantiq.fr/ark:/26678/pcrtQS6tuoSfSW,[],[],"[""skos:Concept""]",false,false positive
dhmultiling,idai-pactols_en-fr,matcha-2026.tar.gz,[],[],"[""skos:Concept""]",http://thesauri.dainst.org/_bd4d65a8,=,0.0,https://ark.frantiq.fr/ark:/26678/pcrtgWbicZTgZe,[],[],"[""skos:Concept""]",true,false negative
dhmultiling,idai-pactols_en-fr,matcha-2026.tar.gz,[],[],"[""skos:Concept""]",http://thesauri.dainst.org/_6c88fce7,=,0.9308647987156043,https://ark.frantiq.fr/ark:/26678/pcrtxKnfzXYMxK,[],[],"[""skos:Concept""]",false,false positive
dhmultiling,idai-pactols_en-fr,matcha-2026.tar.gz,[],[],"[""skos:Concept""]",http://thesauri.dainst.org/_bd7c1253,=,0.7800723030584572,https://ark.frantiq.fr/ark:/26678/pcrtms2OAv82PY,[],[],"[""skos:Concept""]",false,false positive
dhmultiling,idai-pactols_en-fr,matcha-2026.tar.gz,[],[],"[""skos:Concept""]",http://thesauri.dainst.org/_9e5a0caa,=,0.8688986546150839,https://ark.frantiq.fr/ark:/26678/pcrtpZHoU1vm9o,[],[],"[""skos:Concept""]",false,false positive
dhmultiling,idai-pactols_en-fr,matcha-2026.tar.gz,[],[],"[""skos:Concept""]",http://thesauri.dainst.org/_e303d28e,=,0.8662002384650197,https://ark.frantiq.fr/ark:/26678/pcrt9gfvI45Kcj,[],[],"[""skos:Concept""]",false,false positive
dhmultiling,idai-pactols_en-fr,matcha-2026.tar.gz,[],[],"[""skos:Concept""]",http://thesauri.dainst.org/_70f39984,=,0.7629580029186485,https://ark.frantiq.fr/ark:/26678/pcrtHIT0hSPFsR,[],[],"[""skos:Concept""]",false,false positive
dhmultiling,idai-pactols_en-fr,matcha-2026.tar.gz,[],[],"[""skos:Concept""]",http://thesauri.dainst.org/_bf239209,=,0.899416464938811,https://ark.frantiq.fr/ark:/26678/pcrt5MQsnfNDTD,[],[],"[""skos:Concept""]",false,false positive
dhmultiling,idai-pactols_en-fr,matcha-2026.tar.gz,[],[],"[""skos:Concept""]",http://thesauri.dainst.org/_67119e31,=,0.8620245910607633,https://ark.frantiq.fr/ark:/26678/pcrtwvbHs6SmP8,[],[],"[""skos:Concept""]",false,false positive
dhmultiling,idai-pactols_en-fr,matcha-2026.tar.gz,[],[],"[""skos:Concept""]",http://thesauri.dainst.org/_7020590d,=,0.963605772354881,https://ark.frantiq.fr/ark:/26678/pcrt9PJh9aTXv4,[],[],"[""skos:Concept""]",false,false positive
dhmultiling,idai-pactols_en-fr,matcha-2026.tar.gz,[],[],"[""skos:Concept""]",http://thesauri.dainst.org/_e93aded3,=,0.8065426533706936,https://ark.frantiq.fr/ark:/26678/pcrtx4sFxmENjb,[],[],"[""skos:Concept""]",false,false positive
dhmultiling,idai-pactols_en-fr,matcha-2026.tar.gz,[],[],"[""skos:Concept""]",http://thesauri.dainst.org/_7a0e2266,=,0.8974936761896731,https://ark.frantiq.fr/ark:/26678/pcrtQY3u48DUrQ,[],[],"[""skos:Concept""]",false,false positive
dhmultiling,idai-pactols_en-fr,matcha-2026.tar.gz,[],[],"[""skos:Concept""]",http://thesauri.dainst.org/_08043aa6,=,0.8439173686062497,https://ark.frantiq.fr/ark:/26678/pcrt7UXeYrS8Nb,[],[],"[""skos:Concept""]",false,false positive
dhmultiling,idai-pactols_en-fr,matcha-2026.tar.gz,[],[],"[""skos:Concept""]",http://thesauri.dainst.org/_8b38cf01,=,1.0,https://ark.frantiq.fr/ark:/26678/pcrt0Krn6QJlhU,[],[],"[""skos:Concept""]",true,true positive
dhmultiling,idai-pactols_en-fr,matcha-2026.tar.gz,[],[],"[""skos:Concept""]",http://thesauri.dainst.org/_9aa210c0,=,0.7566759220939762,https://ark.frantiq.fr/ark:/26678/pcrtVmQTWhdSkJ,[],[],"[""skos:Concept""]",false,false positive
dhmultiling,idai-pactols_en-fr,matcha-2026.tar.gz,[],[],"[""skos:Concept""]",http://thesauri.dainst.org/_5a5cdac1,=,0.8256933016878542,https://ark.frantiq.fr/ark:/26678/crtdVpqD9Y6ym,[],[],"[""skos:Concept""]",false,false positive
dhmultiling,idai-pactols_en-fr,matcha-2026.tar.gz,[],[],"[""skos:Concept""]",http://thesauri.dainst.org/_e57135bf,=,0.8718923012959455,https://ark.frantiq.fr/ark:/26678/pcrtWouRhFysgx,[],[],"[""skos:Concept""]",false,false positive
dhmultiling,idai-pactols_de-en,logmap-kg-2026.tar.gz,[],[],"[""skos:Concept""]",http://thesauri.dainst.org/_f09b41b4,=,1.0,https://ark.frantiq.fr/ark:/26678/pcrt0Krn6QJlhU,[],[],"[""skos:Concept""]",true,true positive
dhmultiling,idai-pactols_de-en,logmap-kg-2026.tar.gz,[],[],"[""skos:Concept""]",http://thesauri.dainst.org/_af2f2dad,=,0.0,https://ark.frantiq.fr/ark:/26678/pcrtVgXu5JJGUg,[],[],"[""skos:Concept""]",true,false negative
dhmultiling,idai-pactols_de-en,logmap-kg-2026.tar.gz,[],[],"[""skos:Concept""]",http://thesauri.dainst.org/_a1f36e1b,=,0.96,https://ark.frantiq.fr/ark:/26678/pcrt7UXeYrS8Nb,[],[],"[""skos:Concept""]",false,false positive
dhmultiling,idai-pactols_de-en,logmap-kg-2026.tar.gz,[],[],"[""skos:Concept""]",http://thesauri.dainst.org/_dafb0ad8,=,0.0,https://ark.frantiq.fr/ark:/26678/pcrtfOjLfceAZ0,[],[],"[""skos:Concept""]",true,false negative
dhmultiling,idai-pactols_de-en,logmap-kg-2026.tar.gz,[],[],"[""skos:Concept""]",http://thesauri.dainst.org/_bd4d65a8,=,0.0,https://ark.frantiq.fr/ark:/26678/pcrtgWbicZTgZe,[],[],"[""skos:Concept""]",true,false negative
dhmultiling,idai-pactols_de-en,logmap-kg-2026.tar.gz,[],[],"[""skos:Concept""]",http://thesauri.dainst.org/_49517e78,=,0.0,https://ark.frantiq.fr/ark:/26678/pcrt36pke8yWxW,[],[],"[""skos:Concept""]",true,false negative
dhmultiling,idai-pactols_de-en,logmap-kg-2026.tar.gz,[],[],"[""skos:Concept""]",http://thesauri.dainst.org/_49462e56,=,0.0,https://ark.frantiq.fr/ark:/26678/pcrtVmQTWhdSkJ,[],[],"[""skos:Concept""]",true,false negative
dhmultiling,idai-pactols_de-en,logmap-kg-2026.tar.gz,[],[],"[""skos:Concept""]",http://thesauri.dainst.org/_1adf0150,=,0.0,https://ark.frantiq.fr/ark:/26678/pcrtpbgzj4c0da,[],[],"[""skos:Concept""]",true,false negative
dhmultiling,idai-pactols_de-en,logmap-kg-2026.tar.gz,[],[],"[""skos:Concept""]",http://thesauri.dainst.org/_2c06eae5,=,0.0,https://ark.frantiq.fr/ark:/26678/pcrtJUwAaZ7Nz9,[],[],"[""skos:Concept""]",true,false negative
dhmultiling,idai-pactols_de-en,logmap-kg-2026.tar.gz,[],[],"[""skos:Concept""]",http://thesauri.dainst.org/_a9e10cab,=,0.0,https://ark.frantiq.fr/ark:/26678/pcrtp5Wcpmp9I3,[],[],"[""skos:Concept""]",true,false negative
dhmultiling,idai-pactols_de-en,logmap-kg-2026.tar.gz,[],[],"[""skos:Concept""]",http://thesauri.dainst.org/_c40b4a1d,=,0.0,https://ark.frantiq.fr/ark:/26678/pcrtrMvNrtSOHs,[],[],"[""skos:Concept""]",true,false negative
dhmultiling,idai-pactols_de-en,logmap-kg-2026.tar.gz,[],[],"[""skos:Concept""]",http://thesauri.dainst.org/_68e1bd31,=,0.0,https://ark.frantiq.fr/ark:/26678/pcrt1FD59O4eTz,[],[],"[""skos:Concept""]",true,false negative
dhmultiling,idai-pactols_de-en,logmap-kg-2026.tar.gz,[],[],"[""skos:Concept""]",http://thesauri.dainst.org/_3ec72d64,=,0.0,https://ark.frantiq.fr/ark:/26678/pcrt7UXeYrS8Nb,[],[],"[""skos:Concept""]",true,false negative
dhmultiling,idai-pactols_de-en,logmap-kg-2026.tar.gz,[],[],[],http://thesauri.dainst.org/schema#memberOf,=,1.0,http://purl.org/umu/uneskos#memberOf,[],[],[],false,false positive
dhmultiling,idai-pactols_de-en,logmap-kg-2026.tar.gz,[],[],"[""skos:Concept""]",http://thesauri.dainst.org/_61e75561,=,0.95,https://ark.frantiq.fr/ark:/26678/pcrtXOuO8FKGbe,[],[],"[""skos:Concept""]",false,false positive
dhmultiling,idai-pactols_de-en,logmap-kg-2026.tar.gz,[],[],"[""skos:Concept""]",http://thesauri.dainst.org/_d3b9f438,=,0.0,https://ark.frantiq.fr/ark:/26678/pcrtKZYwYOkWlK,[],[],"[""skos:Concept""]",true,false negative
dhmultiling,idai-pactols_de-en,logmap-kg-2026.tar.gz,[],[],"[""skos:Concept""]",http://thesauri.dainst.org/_4688b7a6,=,0.0,https://ark.frantiq.fr/ark:/26678/pcrtF9P4mbuyGk,[],[],"[""skos:Concept""]",true,false negative
dhmultiling,idai-pactols_de-en,logmap-kg-2026.tar.gz,[],[],"[""skos:Concept""]",http://thesauri.dainst.org/_d321ff61,=,0.0,https://ark.frantiq.fr/ark:/26678/pcrtgWbicZTgZe,[],[],"[""skos:Concept""]",true,false negative
dhmultiling,idai-pactols_de-en,logmap-kg-2026.tar.gz,[],[],"[""skos:Concept""]",http://thesauri.dainst.org/_8b38cf01,=,0.0,https://ark.frantiq.fr/ark:/26678/pcrt0Krn6QJlhU,[],[],"[""skos:Concept""]",true,false negative
dhmultiling,idai-pactols_de-en,logmap-kg-2026.tar.gz,[],[],"[""skos:Concept""]",http://thesauri.dainst.org/_b02158bd,=,0.0,https://ark.frantiq.fr/ark:/26678/pcrtJUwAaZ7Nz9,[],[],"[""skos:Concept""]",true,false negative
dhmultiling,idai-pactols_de-en,lsmatch-2026.tar.gz,[],[],"[""skos:Concept""]",http://thesauri.dainst.org/_f09b41b4,=,0.0,https://ark.frantiq.fr/ark:/26678/pcrt0Krn6QJlhU,[],[],"[""skos:Concept""]",true,false negative
dhmultiling,idai-pactols_de-en,lsmatch-2026.tar.gz,[],[],"[""skos:Concept""]",http://thesauri.dainst.org/_af2f2dad,=,0.0,https://ark.frantiq.fr/ark:/26678/pcrtVgXu5JJGUg,[],[],"[""skos:Concept""]",true,false negative
dhmultiling,idai-pactols_de-en,lsmatch-2026.tar.gz,[],[],"[""skos:Concept""]",http://thesauri.dainst.org/_dafb0ad8,=,0.0,https://ark.frantiq.fr/ark:/26678/pcrtfOjLfceAZ0,[],[],"[""skos:Concept""]",true,false negative
dhmultiling,idai-pactols_de-en,lsmatch-2026.tar.gz,[],[],"[""skos:Concept""]",http://thesauri.dainst.org/_bd4d65a8,=,0.0,https://ark.frantiq.fr/ark:/26678/pcrtgWbicZTgZe,[],[],"[""skos:Concept""]",true,false negative
dhmultiling,idai-pactols_de-en,lsmatch-2026.tar.gz,[],[],"[""skos:Concept""]",http://thesauri.dainst.org/_49517e78,=,0.0,https://ark.frantiq.fr/ark:/26678/pcrt36pke8yWxW,[],[],"[""skos:Concept""]",true,false negative
dhmultiling,idai-pactols_de-en,lsmatch-2026.tar.gz,[],[],"[""skos:Concept""]",http://thesauri.dainst.org/_49462e56,=,0.0,https://ark.frantiq.fr/ark:/26678/pcrtVmQTWhdSkJ,[],[],"[""skos:Concept""]",true,false negative
dhmultiling,idai-pactols_de-en,lsmatch-2026.tar.gz,[],[],"[""skos:Concept""]",http://thesauri.dainst.org/_1adf0150,=,0.0,https://ark.frantiq.fr/ark:/26678/pcrtpbgzj4c0da,[],[],"[""skos:Concept""]",true,false negative
dhmultiling,idai-pactols_de-en,lsmatch-2026.tar.gz,[],[],"[""skos:Concept""]",http://thesauri.dainst.org/_2c06eae5,=,0.0,https://ark.frantiq.fr/ark:/26678/pcrtJUwAaZ7Nz9,[],[],"[""skos:Concept""]",true,false negative
dhmultiling,idai-pactols_de-en,lsmatch-2026.tar.gz,[],[],"[""skos:Concept""]",http://thesauri.dainst.org/_a9e10cab,=,0.0,https://ark.frantiq.fr/ark:/26678/pcrtp5Wcpmp9I3,[],[],"[""skos:Concept""]",true,false negative
dhmultiling,idai-pactols_de-en,lsmatch-2026.tar.gz,[],[],"[""skos:Concept""]",http://thesauri.dainst.org/_c40b4a1d,=,0.0,https://ark.frantiq.fr/ark:/26678/pcrtrMvNrtSOHs,[],[],"[""skos:Concept""]",true,false negative
dhmultiling,idai-pactols_de-en,lsmatch-2026.tar.gz,[],[],"[""skos:Concept""]",http://thesauri.dainst.org/_68e1bd31,=,0.0,https://ark.frantiq.fr/ark:/26678/pcrt1FD59O4eTz,[],[],"[""skos:Concept""]",true,false negative
dhmultiling,idai-pactols_de-en,lsmatch-2026.tar.gz,[],[],"[""skos:Concept""]",http://thesauri.dainst.org/_3ec72d64,=,0.0,https://ark.frantiq.fr/ark:/26678/pcrt7UXeYrS8Nb,[],[],"[""skos:Concept""]",true,false negative
dhmultiling,idai-pactols_de-en,lsmatch-2026.tar.gz,"[""Concept""]",[],"[""owl:Class""]",http://www.w3.org/2004/02/skos/core#Concept,=,1.0,http://www.w3.org/2004/02/skos/core#Concept,"[""Concept""]",[],"[""owl:Class""]",false,false positive
dhmultiling,idai-pactols_de-en,lsmatch-2026.tar.gz,[],[],"[""skos:Concept""]",http://thesauri.dainst.org/_d3b9f438,=,0.0,https://ark.frantiq.fr/ark:/26678/pcrtKZYwYOkWlK,[],[],"[""skos:Concept""]",true,false negative
dhmultiling,idai-pactols_de-en,lsmatch-2026.tar.gz,[],[],"[""skos:Concept""]",http://thesauri.dainst.org/_4688b7a6,=,0.0,https://ark.frantiq.fr/ark:/26678/pcrtF9P4mbuyGk,[],[],"[""skos:Concept""]",true,false negative
dhmultiling,idai-pactols_de-en,lsmatch-2026.tar.gz,[],[],"[""skos:Concept""]",http://thesauri.dainst.org/_d321ff61,=,0.0,https://ark.frantiq.fr/ark:/26678/pcrtgWbicZTgZe,[],[],"[""skos:Concept""]",true,false negative
dhmultiling,idai-pactols_de-en,lsmatch-2026.tar.gz,[],[],"[""skos:Concept""]",http://thesauri.dainst.org/_8b38cf01,=,0.0,https://ark.frantiq.fr/ark:/26678/pcrt0Krn6QJlhU,[],[],"[""skos:Concept""]",true,false negative
dhmultiling,idai-pactols_de-en,lsmatch-2026.tar.gz,[],[],"[""skos:Concept""]",http://thesauri.dainst.org/_b02158bd,=,0.0,https://ark.frantiq.fr/ark:/26678/pcrtJUwAaZ7Nz9,[],[],"[""skos:Concept""]",true,false negative
dhmultiling,idai-pactols_de-it,lsmatch-2026.tar.gz,[],[],"[""skos:Concept""]",http://thesauri.dainst.org/_f09b41b4,=,0.0,https://ark.frantiq.fr/ark:/26678/pcrt0Krn6QJlhU,[],[],"[""skos:Concept""]",true,false negative
dhmultiling,idai-pactols_de-it,lsmatch-2026.tar.gz,[],[],"[""skos:Concept""]",http://thesauri.dainst.org/_af2f2dad,=,0.0,https://ark.frantiq.fr/ark:/26678/pcrtVgXu5JJGUg,[],[],"[""skos:Concept""]",true,false negative
dhmultiling,idai-pactols_de-it,lsmatch-2026.tar.gz,[],[],"[""skos:Concept""]",http://thesauri.dainst.org/_dafb0ad8,=,0.0,https://ark.frantiq.fr/ark:/26678/pcrtfOjLfceAZ0,[],[],"[""skos:Concept""]",true,false negative
dhmultiling,idai-pactols_de-it,lsmatch-2026.tar.gz,[],[],"[""skos:Concept""]",http://thesauri.dainst.org/_bd4d65a8,=,0.0,https://ark.frantiq.fr/ark:/26678/pcrtgWbicZTgZe,[],[],"[""skos:Concept""]",true,false negative
dhmultiling,idai-pactols_de-it,lsmatch-2026.tar.gz,[],[],"[""skos:Concept""]",http://thesauri.dainst.org/_49517e78,=,0.0,https://ark.frantiq.fr/ark:/26678/pcrt36pke8yWxW,[],[],"[""skos:Concept""]",true,false negative
dhmultiling,idai-pactols_de-it,lsmatch-2026.tar.gz,[],[],"[""skos:Concept""]",http://thesauri.dainst.org/_49462e56,=,0.0,https://ark.frantiq.fr/ark:/26678/pcrtVmQTWhdSkJ,[],[],"[""skos:Concept""]",true,false negative
dhmultiling,idai-pactols_de-it,lsmatch-2026.tar.gz,[],[],"[""skos:Concept""]",http://thesauri.dainst.org/_1adf0150,=,0.0,https://ark.frantiq.fr/ark:/26678/pcrtpbgzj4c0da,[],[],"[""skos:Concept""]",true,false negative
dhmultiling,idai-pactols_de-it,lsmatch-2026.tar.gz,[],[],"[""skos:Concept""]",http://thesauri.dainst.org/_2c06eae5,=,0.0,https://ark.frantiq.fr/ark:/26678/pcrtJUwAaZ7Nz9,[],[],"[""skos:Concept""]",true,false negative
dhmultiling,idai-pactols_de-it,lsmatch-2026.tar.gz,[],[],"[""skos:Concept""]",http://thesauri.dainst.org/_a9e10cab,=,0.0,https://ark.frantiq.fr/ark:/26678/pcrtp5Wcpmp9I3,[],[],"[""skos:Concept""]",true,false negative
dhmultiling,idai-pactols_de-it,lsmatch-2026.tar.gz,[],[],"[""skos:Concept""]",http://thesauri.dainst.org/_c40b4a1d,=,0.0,https://ark.frantiq.fr/ark:/26678/pcrtrMvNrtSOHs,[],[],"[""skos:Concept""]",true,false negative
dhmultiling,idai-pactols_de-it,lsmatch-2026.tar.gz,[],[],"[""skos:Concept""]",http://thesauri.dainst.org/_68e1bd31,=,0.0,https://ark.frantiq.fr/ark:/26678/pcrt1FD59O4eTz,[],[],"[""skos:Concept""]",true,false negative
dhmultiling,idai-pactols_de-it,lsmatch-2026.tar.gz,[],[],"[""skos:Concept""]",http://thesauri.dainst.org/_3ec72d64,=,0.0,https://ark.frantiq.fr/ark:/26678/pcrt7UXeYrS8Nb,[],[],"[""skos:Concept""]",true,false negative
dhmultiling,idai-pactols_de-it,lsmatch-2026.tar.gz,"[""Concept""]",[],"[""owl:Class""]",http://www.w3.org/2004/02/skos/core#Concept,=,1.0,http://www.w3.org/2004/02/skos/core#Concept,"[""Concept""]",[],"[""owl:Class""]",false,false positive
dhmultiling,idai-pactols_de-it,lsmatch-2026.tar.gz,[],[],"[""skos:Concept""]",http://thesauri.dainst.org/_d3b9f438,=,0.0,https://ark.frantiq.fr/ark:/26678/pcrtKZYwYOkWlK,[],[],"[""skos:Concept""]",true,false negative
dhmultiling,idai-pactols_de-it,lsmatch-2026.tar.gz,[],[],"[""skos:Concept""]",http://thesauri.dainst.org/_4688b7a6,=,0.0,https://ark.frantiq.fr/ark:/26678/pcrtF9P4mbuyGk,[],[],"[""skos:Concept""]",true,false negative
dhmultiling,idai-pactols_de-it,lsmatch-2026.tar.gz,[],[],"[""skos:Concept""]",http://thesauri.dainst.org/_d321ff61,=,0.0,https://ark.frantiq.fr/ark:/26678/pcrtgWbicZTgZe,[],[],"[""skos:Concept""]",true,false negative
dhmultiling,idai-pactols_de-it,lsmatch-2026.tar.gz,[],[],"[""skos:Concept""]",http://thesauri.dainst.org/_8b38cf01,=,0.0,https://ark.frantiq.fr/ark:/26678/pcrt0Krn6QJlhU,[],[],"[""skos:Concept""]",true,false negative
dhmultiling,idai-pactols_de-it,lsmatch-2026.tar.gz,[],[],"[""skos:Concept""]",http://thesauri.dainst.org/_b02158bd,=,0.0,https://ark.frantiq.fr/ark:/26678/pcrtJUwAaZ7Nz9,[],[],"[""skos:Concept""]",true,false negative
dhmultiling,idai-pactols_en-fr,tim-2026.tar.gz,[],[],"[""skos:Concept""]",http://thesauri.dainst.org/_2c06eae5,=,0.0,https://ark.frantiq.fr/ark:/26678/pcrtJUwAaZ7Nz9,[],[],"[""skos:Concept""]",true,false negative
dhmultiling,idai-pactols_en-fr,tim-2026.tar.gz,[],[],"[""skos:Concept""]",http://thesauri.dainst.org/_c40b4a1d,=,0.0,https://ark.frantiq.fr/ark:/26678/pcrtrMvNrtSOHs,[],[],"[""skos:Concept""]",true,false negative
dhmultiling,idai-pactols_en-fr,tim-2026.tar.gz,[],[],[],http://thesauri.dainst.org/schema#memberOf,=,1.0,http://purl.org/umu/uneskos#memberOf,[],[],[],false,false positive
dhmultiling,idai-pactols_en-fr,tim-2026.tar.gz,"[""Concept""]",[],"[""owl:Class""]",http://www.w3.org/2004/02/skos/core#Concept,=,1.0,http://www.w3.org/2004/02/skos/core#Concept,"[""Concept""]",[],"[""owl:Class""]",false,false positive
dhmultiling,idai-pactols_en-fr,tim-2026.tar.gz,[],[],"[""skos:Concept""]",http://thesauri.dainst.org/_bd4d65a8,=,0.0,https://ark.frantiq.fr/ark:/26678/pcrtgWbicZTgZe,[],[],"[""skos:Concept""]",true,false negative
dhmultiling,idai-pactols_en-fr,tim-2026.tar.gz,[],[],"[""skos:Concept""]",http://thesauri.dainst.org/_4688b7a6,=,0.0,https://ark.frantiq.fr/ark:/26678/pcrtF9P4mbuyGk,[],[],"[""skos:Concept""]",true,false negative
dhmultiling,idai-pactols_en-fr,tim-2026.tar.gz,[],[],"[""skos:Concept""]",http://thesauri.dainst.org/_8b38cf01,=,0.0,https://ark.frantiq.fr/ark:/26678/pcrt0Krn6QJlhU,[],[],"[""skos:Concept""]",true,false negative
dhmultiling,idai-pactols_en-fr,tim-2026.tar.gz,[],[],"[""skos:Concept""]",http://thesauri.dainst.org/_b02158bd,=,0.0,https://ark.frantiq.fr/ark:/26678/pcrtJUwAaZ7Nz9,[],[],"[""skos:Concept""]",true,false negative
dhmultiling,idai-pactols_fr-fr,logmap-2026.tar.gz,[],[],"[""skos:Concept""]",http://thesauri.dainst.org/_2c06eae5,=,0.0,https://ark.frantiq.fr/ark:/26678/pcrtJUwAaZ7Nz9,[],[],"[""skos:Concept""]",true,false negative
dhmultiling,idai-pactols_fr-fr,logmap-2026.tar.gz,[],[],"[""skos:Concept""]",http://thesauri.dainst.org/_c40b4a1d,=,0.0,https://ark.frantiq.fr/ark:/26678/pcrtrMvNrtSOHs,[],[],"[""skos:Concept""]",true,false negative
dhmultiling,idai-pactols_fr-fr,logmap-2026.tar.gz,[],[],[],http://thesauri.dainst.org/schema#memberOf,=,1.0,http://purl.org/umu/uneskos#memberOf,[],[],[],false,false positive
dhmultiling,idai-pactols_fr-fr,logmap-2026.tar.gz,[],[],"[""skos:Concept""]",http://thesauri.dainst.org/_4688b7a6,=,0.0,https://ark.frantiq.fr/ark:/26678/pcrtF9P4mbuyGk,[],[],"[""skos:Concept""]",true,false negative
dhmultiling,idai-pactols_fr-fr,logmap-2026.tar.gz,[],[],"[""skos:Concept""]",http://thesauri.dainst.org/_b02158bd,=,0.0,https://ark.frantiq.fr/ark:/26678/pcrtJUwAaZ7Nz9,[],[],"[""skos:Concept""]",true,false negative
dhmultiling,idai-pactols_fr-it,matcha-2026.tar.gz,[],[],"[""skos:Concept""]",http://thesauri.dainst.org/_f8ccb945,=,0.7752865616356175,https://ark.frantiq.fr/ark:/26678/pcrteJiI6BxaFN,[],[],"[""skos:Concept""]",false,false positive
dhmultiling,idai-pactols_fr-it,matcha-2026.tar.gz,[],[],"[""skos:Concept""]",http://thesauri.dainst.org/_fd86e2ca,=,0.958919763105195,https://ark.frantiq.fr/ark:/26678/pcrtxKnfzXYMxK,[],[],"[""skos:Concept""]",false,false positive
dhmultiling,idai-pactols_fr-it,matcha-2026.tar.gz,[],[],"[""skos:Concept""]",http://thesauri.dainst.org/_3b4ba2e6,=,0.9330207454219176,https://ark.frantiq.fr/ark:/26678/pcrtXGgQa70ZVU,[],[],"[""skos:Concept""]",false,false positive
dhmultiling,idai-pactols_fr-it,matcha-2026.tar.gz,[],[],"[""skos:Concept""]",http://thesauri.dainst.org/_451c08fa,=,0.7615952291442503,https://ark.frantiq.fr/ark:/26678/pcrtAYfItWHoOV,[],[],"[""skos:Concept""]",false,false positive
dhmultiling,idai-pactols_fr-it,matcha-2026.tar.gz,[],[],"[""skos:Concept""]",http://thesauri.dainst.org/_f79fb538,=,0.8892144898506849,https://ark.frantiq.fr/ark:/26678/pcrt5MQsnfNDTD,[],[],"[""skos:Concept""]",false,false positive
dhmultiling,idai-pactols_fr-it,matcha-2026.tar.gz,[],[],"[""skos:Concept""]",http://thesauri.dainst.org/_e4fabe60,=,0.8830321866158224,https://ark.frantiq.fr/ark:/26678/pcrtQS6tuoSfSW,[],[],"[""skos:Concept""]",false,false positive
dhmultiling,idai-pactols_fr-it,matcha-2026.tar.gz,[],[],"[""skos:Concept""]",http://thesauri.dainst.org/_aa490a4a,=,0.847066913559389,https://ark.frantiq.fr/ark:/26678/pcrtKZYwYOkWlK,[],[],"[""skos:Concept""]",false,false positive
dhmultiling,idai-pactols_fr-it,matcha-2026.tar.gz,[],[],"[""skos:Concept""]",http://thesauri.dainst.org/_9047a17e,=,0.9330207454219176,https://ark.frantiq.fr/ark:/26678/pcrtXGgQa70ZVU,[],[],"[""skos:Concept""]",false,false positive
dhmultiling,idai-pactols_fr-it,matcha-2026.tar.gz,[],[],"[""skos:Concept""]",http://thesauri.dainst.org/_72432047,=,0.7863157892461974,https://ark.frantiq.fr/ark:/26678/pcrtNU9yWjKe6U,[],[],"[""skos:Concept""]",false,false positive
dhmultiling,idai-pactols_fr-it,matcha-2026.tar.gz,[],[],"[""skos:Concept""]",http://thesauri.dainst.org/_2c06eae5,=,0.0,https://ark.frantiq.fr/ark:/26678/pcrtJUwAaZ7Nz9,[],[],"[""skos:Concept""]",true,false negative
dhmultiling,idai-pactols_fr-it,matcha-2026.tar.gz,[],[],"[""skos:Concept""]",http://thesauri.dainst.org/_c40b4a1d,=,0.8337425757949853,https://ark.frantiq.fr/ark:/26678/pcrtrMvNrtSOHs,[],[],"[""skos:Concept""]",true,true positive
dhmultiling,idai-pactols_fr-it,matcha-2026.tar.gz,[],[],"[""skos:Concept""]",http://thesauri.dainst.org/_86b12fff,=,0.7626332291396288,https://ark.frantiq.fr/ark:/26678/pcrt66PQUHwXaw,[],[],"[""skos:Concept""]",false,false positive
dhmultiling,idai-pactols_fr-it,matcha-2026.tar.gz,[],[],"[""skos:Concept""]",http://thesauri.dainst.org/_6c88fce7,=,0.813204041027251,https://ark.frantiq.fr/ark:/26678/pcrtms2OAv82PY,[],[],"[""skos:Concept""]",false,false positive
dhmultiling,idai-pactols_fr-it,matcha-2026.tar.gz,[],[],"[""skos:Concept""]",http://thesauri.dainst.org/_4688b7a6,=,0.8732265354447618,https://ark.frantiq.fr/ark:/26678/pcrtF9P4mbuyGk,[],[],"[""skos:Concept""]",true,true positive
dhmultiling,idai-pactols_fr-it,matcha-2026.tar.gz,[],[],"[""skos:Concept""]",http://thesauri.dainst.org/_615d140c,=,0.9109567874145591,https://ark.frantiq.fr/ark:/26678/pcrtgWbicZTgZe,[],[],"[""skos:Concept""]",false,false positive
dhmultiling,idai-pactols_fr-it,matcha-2026.tar.gz,[],[],"[""skos:Concept""]",http://thesauri.dainst.org/_b02158bd,=,0.0,https://ark.frantiq.fr/ark:/26678/pcrtJUwAaZ7Nz9,[],[],"[""skos:Concept""]",true,false negative
dhmultiling,idai-pactols_fr-it,matcha-2026.tar.gz,[],[],"[""skos:Concept""]",http://thesauri.dainst.org/_4f4c2ead,=,0.8171283650144513,https://ark.frantiq.fr/ark:/26678/pcrtjMFrjr1utW,[],[],"[""skos:Concept""]",false,false positive
dhmultiling,idai-pactols_fr-it,matcha-2026.tar.gz,[],[],"[""skos:Concept""]",http://thesauri.dainst.org/_5c7aad16,=,0.9116290170333571,https://ark.frantiq.fr/ark:/26678/pcrtD19Y1kxWR4,[],[],"[""skos:Concept""]",false,false positive
dhmultiling,idai-pactols_fr-it,matcha-2026.tar.gz,[],[],"[""skos:Concept""]",http://thesauri.dainst.org/_546b2194,=,0.8093537804232048,https://ark.frantiq.fr/ark:/26678/pcrta0rAmU2iDR,[],[],"[""skos:Concept""]",false,false positive
dhmultiling,idai-pactols_fr-it,matcha-2026.tar.gz,[],[],"[""skos:Concept""]",http://thesauri.dainst.org/_ff040904,=,0.8093537804232048,https://ark.frantiq.fr/ark:/26678/pcrta0rAmU2iDR,[],[],"[""skos:Concept""]",false,false positive
dhmultiling,idai-pactols_fr-it,matcha-2026.tar.gz,[],[],"[""skos:Concept""]",http://thesauri.dainst.org/_865f6c1e,=,0.9036538327300375,https://ark.frantiq.fr/ark:/26678/pcrtpZHoU1vm9o,[],[],"[""skos:Concept""]",false,false positive
dhmultiling,idai-pactols_fr-it,matcha-2026.tar.gz,[],[],"[""skos:Concept""]",http://thesauri.dainst.org/_b6b5253e,=,0.7616343461969521,https://ark.frantiq.fr/ark:/26678/pcrtKei7jxhn32,[],[],"[""skos:Concept""]",false,false positive
dhmultiling,idai-pactols_fr-it,matcha-2026.tar.gz,[],[],"[""skos:Concept""]",http://thesauri.dainst.org/_5dfd5080,=,0.8657023433655578,https://ark.frantiq.fr/ark:/26678/pcrtHIjtOg1P75,[],[],"[""skos:Concept""]",false,false positive
dhmultiling,idai-pactols_fr-it,matcha-2026.tar.gz,[],[],"[""skos:Concept""]",http://thesauri.dainst.org/_2bcdabeb,=,0.8260689497606676,https://ark.frantiq.fr/ark:/26678/pcrt7UXeYrS8Nb,[],[],"[""skos:Concept""]",false,false positive
dhmultiling,idai-pactols_fr-it,matcha-2026.tar.gz,[],[],"[""skos:Concept""]",http://thesauri.dainst.org/_f60a1b62,=,0.842795736769728,https://ark.frantiq.fr/ark:/26678/pcrtxdz8S5BdEg,[],[],"[""skos:Concept""]",false,false positive
dhmultiling,idai-pactols_fr-it,matcha-2026.tar.gz,[],[],"[""skos:Concept""]",http://thesauri.dainst.org/_c463f389,=,0.7993238115091826,https://ark.frantiq.fr/ark:/26678/pcrtwvbHs6SmP8,[],[],"[""skos:Concept""]",false,false positive
dhmultiling,idai-pactols_fr-it,matcha-2026.tar.gz,[],[],"[""skos:Concept""]",http://thesauri.dainst.org/_e303d28e,=,0.82575929386792,https://ark.frantiq.fr/ark:/26678/pcrt9gfvI45Kcj,[],[],"[""skos:Concept""]",false,false positive
dhmultiling,idai-pactols_fr-it,matcha-2026.tar.gz,[],[],"[""skos:Concept""]",http://thesauri.dainst.org/_fc496e78,=,0.958919763105195,https://ark.frantiq.fr/ark:/26678/pcrtxKnfzXYMxK,[],[],"[""skos:Concept""]",false,false positive
dhmultiling,idai-pactols_fr-it,matcha-2026.tar.gz,[],[],"[""skos:Concept""]",http://thesauri.dainst.org/_e50da394,=,0.7629269679463316,https://ark.frantiq.fr/ark:/26678/pcrtkeLpJpVN4t,[],[],"[""skos:Concept""]",false,false positive
dhmultiling,idai-pactols_fr-it,matcha-2026.tar.gz,[],[],"[""skos:Concept""]",http://thesauri.dainst.org/_f07a901a,=,0.8421751884228426,https://ark.frantiq.fr/ark:/26678/pcrtJUwAaZ7Nz9,[],[],"[""skos:Concept""]",false,false positive
dhmultiling,idai-pactols_fr-it,matcha-2026.tar.gz,[],[],"[""skos:Concept""]",http://thesauri.dainst.org/_31177e17,=,0.8658961926238771,https://ark.frantiq.fr/ark:/26678/pcrtRIPguI6ugI,[],[],"[""skos:Concept""]",false,false positive
dhmultiling,idai-pactols_fr-it,matcha-2026.tar.gz,[],[],"[""skos:Concept""]",http://thesauri.dainst.org/_e7de56a1,=,0.7551576318218662,https://ark.frantiq.fr/ark:/26678/pcrts62Z2hl4ux,[],[],"[""skos:Concept""]",false,false positive
dhmultiling,idai-pactols_fr-it,matcha-2026.tar.gz,[],[],"[""skos:Concept""]",http://thesauri.dainst.org/_739ee902,=,0.8051222954806385,https://ark.frantiq.fr/ark:/26678/pcrtpbgzj4c0da,[],[],"[""skos:Concept""]",false,false positive
dhmultiling,idai-pactols_fr-it,matcha-2026.tar.gz,[],[],"[""skos:Concept""]",http://thesauri.dainst.org/_bf70cf38,=,0.7616343461969521,https://ark.frantiq.fr/ark:/26678/pcrtKei7jxhn32,[],[],"[""skos:Concept""]",false,false positive
dhmultiling,idai-pactols_fr-it,matcha-2026.tar.gz,[],[],"[""skos:Concept""]",http://thesauri.dainst.org/_7020590d,=,0.9523864323408449,https://ark.frantiq.fr/ark:/26678/pcrt9PJh9aTXv4,[],[],"[""skos:Concept""]",false,false positive
dhmultiling,idai-pactols_fr-it,matcha-2026.tar.gz,[],[],"[""skos:Concept""]",http://thesauri.dainst.org/_28fd795a,=,0.7863157892461974,https://ark.frantiq.fr/ark:/26678/pcrtNU9yWjKe6U,[],[],"[""skos:Concept""]",false,false positive
dhmultiling,idai-pactols_fr-it,matcha-2026.tar.gz,[],[],"[""skos:Concept""]",http://thesauri.dainst.org/_ff7f0a52,=,0.8809140939561384,https://ark.frantiq.fr/ark:/26678/pcrtAqKgmvERHQ,[],[],"[""skos:Concept""]",false,false positive
dhmultiling,idai-pactols_fr-it,matcha-2026.tar.gz,[],[],"[""skos:Concept""]",http://thesauri.dainst.org/_87a30753,=,0.7797378706496931,https://ark.frantiq.fr/ark:/26678/pcrtfUWF9GVr4q,[],[],"[""skos:Concept""]",false,false positive
dhmultiling,idai-pactols_fr-it,matcha-2026.tar.gz,[],[],"[""skos:Concept""]",http://thesauri.dainst.org/_7a0e2266,=,0.9499858468092404,https://ark.frantiq.fr/ark:/26678/pcrtQY3u48DUrQ,[],[],"[""skos:Concept""]",false,false positive
dhmultiling,idai-pactols_fr-it,matcha-2026.tar.gz,[],[],"[""skos:Concept""]",http://thesauri.dainst.org/_d86e5851,=,0.7813521556433477,https://ark.frantiq.fr/ark:/26678/pcrtx4sFxmENjb,[],[],"[""skos:Concept""]",false,false positive
dhmultiling,idai-pactols_fr-it,matcha-2026.tar.gz,[],[],"[""skos:Concept""]",http://thesauri.dainst.org/_1cac8785,=,0.8373615593589353,https://ark.frantiq.fr/ark:/26678/pcrtfOjLfceAZ0,[],[],"[""skos:Concept""]",false,false positive
dhmultiling,idai-pactols_fr-it,matcha-2026.tar.gz,[],[],"[""skos:Concept""]",http://thesauri.dainst.org/_ff8ce0d4,=,0.8097960853743159,https://ark.frantiq.fr/ark:/26678/pcrt0Krn6QJlhU,[],[],"[""skos:Concept""]",false,false positive
dhmultiling,idai-pactols_fr-it,matcha-2026.tar.gz,[],[],"[""skos:Concept""]",http://thesauri.dainst.org/_e57135bf,=,0.7862919380582069,https://ark.frantiq.fr/ark:/26678/pcrtWouRhFysgx,[],[],"[""skos:Concept""]",false,false positive
dhmultiling,idai-pactols_fr-fr,lsmatch-multilingual-2026.tar.gz,[],[],"[""skos:Concept""]",http://thesauri.dainst.org/_2c06eae5,=,0.0,https://ark.frantiq.fr/ark:/26678/pcrtJUwAaZ7Nz9,[],[],"[""skos:Concept""]",true,false negative
dhmultiling,idai-pactols_fr-fr,lsmatch-multilingual-2026.tar.gz,[],[],"[""skos:Concept""]",http://thesauri.dainst.org/_c40b4a1d,=,0.0,https://ark.frantiq.fr/ark:/26678/pcrtrMvNrtSOHs,[],[],"[""skos:Concept""]",true,false negative
dhmultiling,idai-pactols_fr-fr,lsmatch-multilingual-2026.tar.gz,"[""Concept""]",[],"[""owl:Class""]",http://www.w3.org/2004/02/skos/core#Concept,=,1.0,http://www.w3.org/2004/02/skos/core#Concept,"[""Concept""]",[],"[""owl:Class""]",false,false positive
dhmultiling,idai-pactols_fr-fr,lsmatch-multilingual-2026.tar.gz,[],[],"[""skos:Concept""]",http://thesauri.dainst.org/_4688b7a6,=,0.0,https://ark.frantiq.fr/ark:/26678/pcrtF9P4mbuyGk,[],[],"[""skos:Concept""]",true,false negative
dhmultiling,idai-pactols_fr-fr,lsmatch-multilingual-2026.tar.gz,[],[],"[""skos:Concept""]",http://thesauri.dainst.org/_b02158bd,=,0.0,https://ark.frantiq.fr/ark:/26678/pcrtJUwAaZ7Nz9,[],[],"[""skos:Concept""]",true,false negative
dhmultiling,idai-pactols_de-de,logmap-2026.tar.gz,[],[],"[""skos:Concept""]",http://thesauri.dainst.org/_f09b41b4,=,0.0,https://ark.frantiq.fr/ark:/26678/pcrt0Krn6QJlhU,[],[],"[""skos:Concept""]",true,false negative
dhmultiling,idai-pactols_de-de,logmap-2026.tar.gz,[],[],"[""skos:Concept""]",http://thesauri.dainst.org/_af2f2dad,=,0.0,https://ark.frantiq.fr/ark:/26678/pcrtVgXu5JJGUg,[],[],"[""skos:Concept""]",true,false negative
dhmultiling,idai-pactols_de-de,logmap-2026.tar.gz,[],[],"[""skos:Concept""]",http://thesauri.dainst.org/_dafb0ad8,=,0.0,https://ark.frantiq.fr/ark:/26678/pcrtfOjLfceAZ0,[],[],"[""skos:Concept""]",true,false negative
dhmultiling,idai-pactols_de-de,logmap-2026.tar.gz,[],[],"[""skos:Concept""]",http://thesauri.dainst.org/_bd4d65a8,=,0.0,https://ark.frantiq.fr/ark:/26678/pcrtgWbicZTgZe,[],[],"[""skos:Concept""]",true,false negative
dhmultiling,idai-pactols_de-de,logmap-2026.tar.gz,[],[],"[""skos:Concept""]",http://thesauri.dainst.org/_49517e78,=,0.0,https://ark.frantiq.fr/ark:/26678/pcrt36pke8yWxW,[],[],"[""skos:Concept""]",true,false negative
dhmultiling,idai-pactols_de-de,logmap-2026.tar.gz,[],[],"[""skos:Concept""]",http://thesauri.dainst.org/_49462e56,=,0.0,https://ark.frantiq.fr/ark:/26678/pcrtVmQTWhdSkJ,[],[],"[""skos:Concept""]",true,false negative
dhmultiling,idai-pactols_de-de,logmap-2026.tar.gz,[],[],"[""skos:Concept""]",http://thesauri.dainst.org/_1adf0150,=,0.0,https://ark.frantiq.fr/ark:/26678/pcrtpbgzj4c0da,[],[],"[""skos:Concept""]",true,false negative
dhmultiling,idai-pactols_de-de,logmap-2026.tar.gz,[],[],"[""skos:Concept""]",http://thesauri.dainst.org/_2c06eae5,=,0.0,https://ark.frantiq.fr/ark:/26678/pcrtJUwAaZ7Nz9,[],[],"[""skos:Concept""]",true,false negative
dhmultiling,idai-pactols_de-de,logmap-2026.tar.gz,[],[],"[""skos:Concept""]",http://thesauri.dainst.org/_a9e10cab,=,0.0,https://ark.frantiq.fr/ark:/26678/pcrtp5Wcpmp9I3,[],[],"[""skos:Concept""]",true,false negative
dhmultiling,idai-pactols_de-de,logmap-2026.tar.gz,[],[],"[""skos:Concept""]",http://thesauri.dainst.org/_c40b4a1d,=,0.0,https://ark.frantiq.fr/ark:/26678/pcrtrMvNrtSOHs,[],[],"[""skos:Concept""]",true,false negative
dhmultiling,idai-pactols_de-de,logmap-2026.tar.gz,[],[],"[""skos:Concept""]",http://thesauri.dainst.org/_68e1bd31,=,0.0,https://ark.frantiq.fr/ark:/26678/pcrt1FD59O4eTz,[],[],"[""skos:Concept""]",true,false negative
dhmultiling,idai-pactols_de-de,logmap-2026.tar.gz,[],[],"[""skos:Concept""]",http://thesauri.dainst.org/_3ec72d64,=,0.0,https://ark.frantiq.fr/ark:/26678/pcrt7UXeYrS8Nb,[],[],"[""skos:Concept""]",true,false negative
dhmultiling,idai-pactols_de-de,logmap-2026.tar.gz,[],[],[],http://thesauri.dainst.org/schema#memberOf,=,1.0,http://purl.org/umu/uneskos#memberOf,[],[],[],false,false positive
dhmultiling,idai-pactols_de-de,logmap-2026.tar.gz,[],[],"[""skos:Concept""]",http://thesauri.dainst.org/_d3b9f438,=,0.0,https://ark.frantiq.fr/ark:/26678/pcrtKZYwYOkWlK,[],[],"[""skos:Concept""]",true,false negative
dhmultiling,idai-pactols_de-de,logmap-2026.tar.gz,[],[],"[""skos:Concept""]",http://thesauri.dainst.org/_4688b7a6,=,0.0,https://ark.frantiq.fr/ark:/26678/pcrtF9P4mbuyGk,[],[],"[""skos:Concept""]",true,false negative
dhmultiling,idai-pactols_de-de,logmap-2026.tar.gz,[],[],"[""skos:Concept""]",http://thesauri.dainst.org/_d321ff61,=,0.0,https://ark.frantiq.fr/ark:/26678/pcrtgWbicZTgZe,[],[],"[""skos:Concept""]",true,false negative
dhmultiling,idai-pactols_de-de,logmap-2026.tar.gz,[],[],"[""skos:Concept""]",http://thesauri.dainst.org/_8b38cf01,=,0.0,https://ark.frantiq.fr/ark:/26678/pcrt0Krn6QJlhU,[],[],"[""skos:Concept""]",true,false negative
dhmultiling,idai-pactols_de-de,logmap-2026.tar.gz,[],[],"[""skos:Concept""]",http://thesauri.dainst.org/_b02158bd,=,0.0,https://ark.frantiq.fr/ark:/26678/pcrtJUwAaZ7Nz9,[],[],"[""skos:Concept""]",true,false negative
dhmultiling,idai-pactols_fr-it,lsmatch-2026.tar.gz,[],[],"[""skos:Concept""]",http://thesauri.dainst.org/_2c06eae5,=,0.0,https://ark.frantiq.fr/ark:/26678/pcrtJUwAaZ7Nz9,[],[],"[""skos:Concept""]",true,false negative
dhmultiling,idai-pactols_fr-it,lsmatch-2026.tar.gz,[],[],"[""skos:Concept""]",http://thesauri.dainst.org/_c40b4a1d,=,0.0,https://ark.frantiq.fr/ark:/26678/pcrtrMvNrtSOHs,[],[],"[""skos:Concept""]",true,false negative
dhmultiling,idai-pactols_fr-it,lsmatch-2026.tar.gz,"[""Concept""]",[],"[""owl:Class""]",http://www.w3.org/2004/02/skos/core#Concept,=,1.0,http://www.w3.org/2004/02/skos/core#Concept,"[""Concept""]",[],"[""owl:Class""]",false,false positive
dhmultiling,idai-pactols_fr-it,lsmatch-2026.tar.gz,[],[],"[""skos:Concept""]",http://thesauri.dainst.org/_4688b7a6,=,0.0,https://ark.frantiq.fr/ark:/26678/pcrtF9P4mbuyGk,[],[],"[""skos:Concept""]",true,false negative
dhmultiling,idai-pactols_fr-it,lsmatch-2026.tar.gz,[],[],"[""skos:Concept""]",http://thesauri.dainst.org/_b02158bd,=,0.0,https://ark.frantiq.fr/ark:/26678/pcrtJUwAaZ7Nz9,[],[],"[""skos:Concept""]",true,false negative
dhmultiling,idai-pactols_de-de,lsmatch-multilingual-2026.tar.gz,[],[],"[""skos:Concept""]",http://thesauri.dainst.org/_f09b41b4,=,0.0,https://ark.frantiq.fr/ark:/26678/pcrt0Krn6QJlhU,[],[],"[""skos:Concept""]",true,false negative
dhmultiling,idai-pactols_de-de,lsmatch-multilingual-2026.tar.gz,[],[],"[""skos:Concept""]",http://thesauri.dainst.org/_af2f2dad,=,0.0,https://ark.frantiq.fr/ark:/26678/pcrtVgXu5JJGUg,[],[],"[""skos:Concept""]",true,false negative
dhmultiling,idai-pactols_de-de,lsmatch-multilingual-2026.tar.gz,[],[],"[""skos:Concept""]",http://thesauri.dainst.org/_dafb0ad8,=,0.0,https://ark.frantiq.fr/ark:/26678/pcrtfOjLfceAZ0,[],[],"[""skos:Concept""]",true,false negative
dhmultiling,idai-pactols_de-de,lsmatch-multilingual-2026.tar.gz,[],[],"[""skos:Concept""]",http://thesauri.dainst.org/_bd4d65a8,=,0.0,https://ark.frantiq.fr/ark:/26678/pcrtgWbicZTgZe,[],[],"[""skos:Concept""]",true,false negative
dhmultiling,idai-pactols_de-de,lsmatch-multilingual-2026.tar.gz,[],[],"[""skos:Concept""]",http://thesauri.dainst.org/_49517e78,=,0.0,https://ark.frantiq.fr/ark:/26678/pcrt36pke8yWxW,[],[],"[""skos:Concept""]",true,false negative
dhmultiling,idai-pactols_de-de,lsmatch-multilingual-2026.tar.gz,[],[],"[""skos:Concept""]",http://thesauri.dainst.org/_49462e56,=,0.0,https://ark.frantiq.fr/ark:/26678/pcrtVmQTWhdSkJ,[],[],"[""skos:Concept""]",true,false negative
dhmultiling,idai-pactols_de-de,lsmatch-multilingual-2026.tar.gz,[],[],"[""skos:Concept""]",http://thesauri.dainst.org/_1adf0150,=,0.0,https://ark.frantiq.fr/ark:/26678/pcrtpbgzj4c0da,[],[],"[""skos:Concept""]",true,false negative
dhmultiling,idai-pactols_de-de,lsmatch-multilingual-2026.tar.gz,[],[],"[""skos:Concept""]",http://thesauri.dainst.org/_2c06eae5,=,0.0,https://ark.frantiq.fr/ark:/26678/pcrtJUwAaZ7Nz9,[],[],"[""skos:Concept""]",true,false negative
dhmultiling,idai-pactols_de-de,lsmatch-multilingual-2026.tar.gz,[],[],"[""skos:Concept""]",http://thesauri.dainst.org/_a9e10cab,=,0.0,https://ark.frantiq.fr/ark:/26678/pcrtp5Wcpmp9I3,[],[],"[""skos:Concept""]",true,false negative
dhmultiling,idai-pactols_de-de,lsmatch-multilingual-2026.tar.gz,[],[],"[""skos:Concept""]",http://thesauri.dainst.org/_c40b4a1d,=,0.0,https://ark.frantiq.fr/ark:/26678/pcrtrMvNrtSOHs,[],[],"[""skos:Concept""]",true,false negative
dhmultiling,idai-pactols_de-de,lsmatch-multilingual-2026.tar.gz,[],[],"[""skos:Concept""]",http://thesauri.dainst.org/_68e1bd31,=,0.0,https://ark.frantiq.fr/ark:/26678/pcrt1FD59O4eTz,[],[],"[""skos:Concept""]",true,false negative
dhmultiling,idai-pactols_de-de,lsmatch-multilingual-2026.tar.gz,[],[],"[""skos:Concept""]",http://thesauri.dainst.org/_3ec72d64,=,0.0,https://ark.frantiq.fr/ark:/26678/pcrt7UXeYrS8Nb,[],[],"[""skos:Concept""]",true,false negative
dhmultiling,idai-pactols_de-de,lsmatch-multilingual-2026.tar.gz,"[""Concept""]",[],"[""owl:Class""]",http://www.w3.org/2004/02/skos/core#Concept,=,1.0,http://www.w3.org/2004/02/skos/core#Concept,"[""Concept""]",[],"[""owl:Class""]",false,false positive
dhmultiling,idai-pactols_de-de,lsmatch-multilingual-2026.tar.gz,[],[],"[""skos:Concept""]",http://thesauri.dainst.org/_d3b9f438,=,0.0,https://ark.frantiq.fr/ark:/26678/pcrtKZYwYOkWlK,[],[],"[""skos:Concept""]",true,false negative
dhmultiling,idai-pactols_de-de,lsmatch-multilingual-2026.tar.gz,[],[],"[""skos:Concept""]",http://thesauri.dainst.org/_4688b7a6,=,0.0,https://ark.frantiq.fr/ark:/26678/pcrtF9P4mbuyGk,[],[],"[""skos:Concept""]",true,false negative
dhmultiling,idai-pactols_de-de,lsmatch-multilingual-2026.tar.gz,[],[],"[""skos:Concept""]",http://thesauri.dainst.org/_d321ff61,=,0.0,https://ark.frantiq.fr/ark:/26678/pcrtgWbicZTgZe,[],[],"[""skos:Concept""]",true,false negative
dhmultiling,idai-pactols_de-de,lsmatch-multilingual-2026.tar.gz,[],[],"[""skos:Concept""]",http://thesauri.dainst.org/_8b38cf01,=,0.0,https://ark.frantiq.fr/ark:/26678/pcrt0Krn6QJlhU,[],[],"[""skos:Concept""]",true,false negative
dhmultiling,idai-pactols_de-de,lsmatch-multilingual-2026.tar.gz,[],[],"[""skos:Concept""]",http://thesauri.dainst.org/_b02158bd,=,0.0,https://ark.frantiq.fr/ark:/26678/pcrtJUwAaZ7Nz9,[],[],"[""skos:Concept""]",true,false negative
dhmultiling,idai-pactols_en-fr,logmap-2026.tar.gz,[],[],"[""skos:Concept""]",http://thesauri.dainst.org/_2c06eae5,=,0.0,https://ark.frantiq.fr/ark:/26678/pcrtJUwAaZ7Nz9,[],[],"[""skos:Concept""]",true,false negative
dhmultiling,idai-pactols_en-fr,logmap-2026.tar.gz,[],[],"[""skos:Concept""]",http://thesauri.dainst.org/_c40b4a1d,=,0.0,https://ark.frantiq.fr/ark:/26678/pcrtrMvNrtSOHs,[],[],"[""skos:Concept""]",true,false negative
dhmultiling,idai-pactols_en-fr,logmap-2026.tar.gz,[],[],[],http://thesauri.dainst.org/schema#memberOf,=,1.0,http://purl.org/umu/uneskos#memberOf,[],[],[],false,false positive
dhmultiling,idai-pactols_en-fr,logmap-2026.tar.gz,[],[],"[""skos:Concept""]",http://thesauri.dainst.org/_bd4d65a8,=,0.0,https://ark.frantiq.fr/ark:/26678/pcrtgWbicZTgZe,[],[],"[""skos:Concept""]",true,false negative
dhmultiling,idai-pactols_en-fr,logmap-2026.tar.gz,[],[],"[""skos:Concept""]",http://thesauri.dainst.org/_4688b7a6,=,0.0,https://ark.frantiq.fr/ark:/26678/pcrtF9P4mbuyGk,[],[],"[""skos:Concept""]",true,false negative
dhmultiling,idai-pactols_en-fr,logmap-2026.tar.gz,[],[],"[""skos:Concept""]",http://thesauri.dainst.org/_8b38cf01,=,0.0,https://ark.frantiq.fr/ark:/26678/pcrt0Krn6QJlhU,[],[],"[""skos:Concept""]",true,false negative
dhmultiling,idai-pactols_en-fr,logmap-2026.tar.gz,[],[],"[""skos:Concept""]",http://thesauri.dainst.org/_b02158bd,=,0.0,https://ark.frantiq.fr/ark:/26678/pcrtJUwAaZ7Nz9,[],[],"[""skos:Concept""]",true,false negative
dhmultiling,idai-pactols_it-it,lsmatch-2026.tar.gz,[],[],"[""skos:Concept""]",http://thesauri.dainst.org/_2c06eae5,=,0.0,https://ark.frantiq.fr/ark:/26678/pcrtJUwAaZ7Nz9,[],[],"[""skos:Concept""]",true,false negative
dhmultiling,idai-pactols_it-it,lsmatch-2026.tar.gz,[],[],"[""skos:Concept""]",http://thesauri.dainst.org/_c40b4a1d,=,0.0,https://ark.frantiq.fr/ark:/26678/pcrtrMvNrtSOHs,[],[],"[""skos:Concept""]",true,false negative
dhmultiling,idai-pactols_it-it,lsmatch-2026.tar.gz,"[""Concept""]",[],"[""owl:Class""]",http://www.w3.org/2004/02/skos/core#Concept,=,1.0,http://www.w3.org/2004/02/skos/core#Concept,"[""Concept""]",[],"[""owl:Class""]",false,false positive
dhmultiling,idai-pactols_it-it,lsmatch-2026.tar.gz,[],[],"[""skos:Concept""]",http://thesauri.dainst.org/_4688b7a6,=,0.0,https://ark.frantiq.fr/ark:/26678/pcrtF9P4mbuyGk,[],[],"[""skos:Concept""]",true,false negative
dhmultiling,idai-pactols_it-it,lsmatch-2026.tar.gz,[],[],"[""skos:Concept""]",http://thesauri.dainst.org/_b02158bd,=,0.0,https://ark.frantiq.fr/ark:/26678/pcrtJUwAaZ7Nz9,[],[],"[""skos:Concept""]",true,false negative
dhmultiling,idai-pactols_en-it,lsmatch-2026.tar.gz,[],[],"[""skos:Concept""]",http://thesauri.dainst.org/_2c06eae5,=,0.0,https://ark.frantiq.fr/ark:/26678/pcrtJUwAaZ7Nz9,[],[],"[""skos:Concept""]",true,false negative
dhmultiling,idai-pactols_en-it,lsmatch-2026.tar.gz,[],[],"[""skos:Concept""]",http://thesauri.dainst.org/_c40b4a1d,=,0.0,https://ark.frantiq.fr/ark:/26678/pcrtrMvNrtSOHs,[],[],"[""skos:Concept""]",true,false negative
dhmultiling,idai-pactols_en-it,lsmatch-2026.tar.gz,"[""Concept""]",[],"[""owl:Class""]",http://www.w3.org/2004/02/skos/core#Concept,=,1.0,http://www.w3.org/2004/02/skos/core#Concept,"[""Concept""]",[],"[""owl:Class""]",false,false positive
dhmultiling,idai-pactols_en-it,lsmatch-2026.tar.gz,[],[],"[""skos:Concept""]",http://thesauri.dainst.org/_bd4d65a8,=,0.0,https://ark.frantiq.fr/ark:/26678/pcrtgWbicZTgZe,[],[],"[""skos:Concept""]",true,false negative
dhmultiling,idai-pactols_en-it,lsmatch-2026.tar.gz,[],[],"[""skos:Concept""]",http://thesauri.dainst.org/_4688b7a6,=,0.0,https://ark.frantiq.fr/ark:/26678/pcrtF9P4mbuyGk,[],[],"[""skos:Concept""]",true,false negative
dhmultiling,idai-pactols_en-it,lsmatch-2026.tar.gz,[],[],"[""skos:Concept""]",http://thesauri.dainst.org/_8b38cf01,=,0.0,https://ark.frantiq.fr/ark:/26678/pcrt0Krn6QJlhU,[],[],"[""skos:Concept""]",true,false negative
dhmultiling,idai-pactols_en-it,lsmatch-2026.tar.gz,[],[],"[""skos:Concept""]",http://thesauri.dainst.org/_b02158bd,=,0.0,https://ark.frantiq.fr/ark:/26678/pcrtJUwAaZ7Nz9,[],[],"[""skos:Concept""]",true,false negative
dhmultiling,idai-pactols_en-en,lsmatch-2026.tar.gz,[],[],"[""skos:Concept""]",http://thesauri.dainst.org/_2c06eae5,=,0.0,https://ark.frantiq.fr/ark:/26678/pcrtJUwAaZ7Nz9,[],[],"[""skos:Concept""]",true,false negative
dhmultiling,idai-pactols_en-en,lsmatch-2026.tar.gz,[],[],"[""skos:Concept""]",http://thesauri.dainst.org/_c40b4a1d,=,0.0,https://ark.frantiq.fr/ark:/26678/pcrtrMvNrtSOHs,[],[],"[""skos:Concept""]",true,false negative
dhmultiling,idai-pactols_en-en,lsmatch-2026.tar.gz,"[""Concept""]",[],"[""owl:Class""]",http://www.w3.org/2004/02/skos/core#Concept,=,1.0,http://www.w3.org/2004/02/skos/core#Concept,"[""Concept""]",[],"[""owl:Class""]",false,false positive
dhmultiling,idai-pactols_en-en,lsmatch-2026.tar.gz,[],[],"[""skos:Concept""]",http://thesauri.dainst.org/_bd4d65a8,=,0.0,https://ark.frantiq.fr/ark:/26678/pcrtgWbicZTgZe,[],[],"[""skos:Concept""]",true,false negative
dhmultiling,idai-pactols_en-en,lsmatch-2026.tar.gz,[],[],"[""skos:Concept""]",http://thesauri.dainst.org/_4688b7a6,=,0.0,https://ark.frantiq.fr/ark:/26678/pcrtF9P4mbuyGk,[],[],"[""skos:Concept""]",true,false negative
dhmultiling,idai-pactols_en-en,lsmatch-2026.tar.gz,[],[],"[""skos:Concept""]",http://thesauri.dainst.org/_8b38cf01,=,0.0,https://ark.frantiq.fr/ark:/26678/pcrt0Krn6QJlhU,[],[],"[""skos:Concept""]",true,false negative
dhmultiling,idai-pactols_en-en,lsmatch-2026.tar.gz,[],[],"[""skos:Concept""]",http://thesauri.dainst.org/_b02158bd,=,0.0,https://ark.frantiq.fr/ark:/26678/pcrtJUwAaZ7Nz9,[],[],"[""skos:Concept""]",true,false negative
dhmultiling,idai-pactols_en-fr,logmap-bio-2026.tar.gz,[],[],"[""skos:Concept""]",http://thesauri.dainst.org/_2c06eae5,=,0.0,https://ark.frantiq.fr/ark:/26678/pcrtJUwAaZ7Nz9,[],[],"[""skos:Concept""]",true,false negative
dhmultiling,idai-pactols_en-fr,logmap-bio-2026.tar.gz,[],[],"[""skos:Concept""]",http://thesauri.dainst.org/_c40b4a1d,=,0.0,https://ark.frantiq.fr/ark:/26678/pcrtrMvNrtSOHs,[],[],"[""skos:Concept""]",true,false negative
dhmultiling,idai-pactols_en-fr,logmap-bio-2026.tar.gz,[],[],[],http://thesauri.dainst.org/schema#memberOf,=,1.0,http://purl.org/umu/uneskos#memberOf,[],[],[],false,false positive
dhmultiling,idai-pactols_en-fr,logmap-bio-2026.tar.gz,[],[],"[""skos:Concept""]",http://thesauri.dainst.org/_bd4d65a8,=,0.0,https://ark.frantiq.fr/ark:/26678/pcrtgWbicZTgZe,[],[],"[""skos:Concept""]",true,false negative
dhmultiling,idai-pactols_en-fr,logmap-bio-2026.tar.gz,[],[],"[""skos:Concept""]",http://thesauri.dainst.org/_4688b7a6,=,0.0,https://ark.frantiq.fr/ark:/26678/pcrtF9P4mbuyGk,[],[],"[""skos:Concept""]",true,false negative
dhmultiling,idai-pactols_en-fr,logmap-bio-2026.tar.gz,[],[],"[""skos:Concept""]",http://thesauri.dainst.org/_8b38cf01,=,0.0,https://ark.frantiq.fr/ark:/26678/pcrt0Krn6QJlhU,[],[],"[""skos:Concept""]",true,false negative
dhmultiling,idai-pactols_en-fr,logmap-bio-2026.tar.gz,[],[],"[""skos:Concept""]",http://thesauri.dainst.org/_b02158bd,=,0.0,https://ark.frantiq.fr/ark:/26678/pcrtJUwAaZ7Nz9,[],[],"[""skos:Concept""]",true,false negative
dhmultiling,idai-pactols_en-fr,lsmatch-multilingual-2026.tar.gz,[],[],"[""skos:Concept""]",http://thesauri.dainst.org/_2c06eae5,=,0.0,https://ark.frantiq.fr/ark:/26678/pcrtJUwAaZ7Nz9,[],[],"[""skos:Concept""]",true,false negative
dhmultiling,idai-pactols_en-fr,lsmatch-multilingual-2026.tar.gz,[],[],"[""skos:Concept""]",http://thesauri.dainst.org/_c40b4a1d,=,0.0,https://ark.frantiq.fr/ark:/26678/pcrtrMvNrtSOHs,[],[],"[""skos:Concept""]",true,false negative
dhmultiling,idai-pactols_en-fr,lsmatch-multilingual-2026.tar.gz,"[""Concept""]",[],"[""owl:Class""]",http://www.w3.org/2004/02/skos/core#Concept,=,1.0,http://www.w3.org/2004/02/skos/core#Concept,"[""Concept""]",[],"[""owl:Class""]",false,false positive
dhmultiling,idai-pactols_en-fr,lsmatch-multilingual-2026.tar.gz,[],[],"[""skos:Concept""]",http://thesauri.dainst.org/_bd4d65a8,=,0.0,https://ark.frantiq.fr/ark:/26678/pcrtgWbicZTgZe,[],[],"[""skos:Concept""]",true,false negative
dhmultiling,idai-pactols_en-fr,lsmatch-multilingual-2026.tar.gz,[],[],"[""skos:Concept""]",http://thesauri.dainst.org/_4688b7a6,=,0.0,https://ark.frantiq.fr/ark:/26678/pcrtF9P4mbuyGk,[],[],"[""skos:Concept""]",true,false negative
dhmultiling,idai-pactols_en-fr,lsmatch-multilingual-2026.tar.gz,[],[],"[""skos:Concept""]",http://thesauri.dainst.org/_8b38cf01,=,0.0,https://ark.frantiq.fr/ark:/26678/pcrt0Krn6QJlhU,[],[],"[""skos:Concept""]",true,false negative
dhmultiling,idai-pactols_en-fr,lsmatch-multilingual-2026.tar.gz,[],[],"[""skos:Concept""]",http://thesauri.dainst.org/_b02158bd,=,0.0,https://ark.frantiq.fr/ark:/26678/pcrtJUwAaZ7Nz9,[],[],"[""skos:Concept""]",true,false negative
dhmultiling,idai-pactols_de-fr,matcha-2026.tar.gz,[],[],"[""skos:Concept""]",http://thesauri.dainst.org/_a2a48ebb,=,0.9499858468092404,https://ark.frantiq.fr/ark:/26678/pcrtQY3u48DUrQ,[],[],"[""skos:Concept""]",false,false positive
dhmultiling,idai-pactols_de-fr,matcha-2026.tar.gz,[],[],"[""skos:Concept""]",http://thesauri.dainst.org/_a8ef24ee,=,0.7615903030513375,https://ark.frantiq.fr/ark:/26678/pcrtkeLpJpVN4t,[],[],"[""skos:Concept""]",false,false positive
dhmultiling,idai-pactols_de-fr,matcha-2026.tar.gz,[],[],"[""skos:Concept""]",http://thesauri.dainst.org/_8dbb15bf,=,1.0,https://ark.frantiq.fr/ark:/26678/pcrtNU9yWjKe6U,[],[],"[""skos:Concept""]",false,false positive
dhmultiling,idai-pactols_de-fr,matcha-2026.tar.gz,[],[],"[""skos:Concept""]",http://thesauri.dainst.org/_ed21f72e,=,0.8314631050900413,https://ark.frantiq.fr/ark:/26678/pcrtAYfItWHoOV,[],[],"[""skos:Concept""]",false,false positive
dhmultiling,idai-pactols_de-fr,matcha-2026.tar.gz,[],[],"[""skos:Concept""]",http://thesauri.dainst.org/_8b38cf01,=,0.8343968120087989,https://ark.frantiq.fr/ark:/26678/pcrtjMFrjr1utW,[],[],"[""skos:Concept""]",false,false positive
dhmultiling,idai-pactols_de-fr,matcha-2026.tar.gz,[],[],"[""skos:Concept""]",http://thesauri.dainst.org/_f03b64f2,=,0.7990557089014069,https://ark.frantiq.fr/ark:/26678/pcrtJUwAaZ7Nz9,[],[],"[""skos:Concept""]",false,false positive
dhmultiling,idai-pactols_de-fr,matcha-2026.tar.gz,[],[],"[""skos:Concept""]",http://thesauri.dainst.org/_36f84b00,=,0.8051393721375242,https://ark.frantiq.fr/ark:/26678/pcrt3FTqaIdbpb,[],[],"[""skos:Concept""]",false,false positive
dhmultiling,idai-pactols_de-fr,matcha-2026.tar.gz,[],[],"[""skos:Concept""]",http://thesauri.dainst.org/_33abca52,=,0.7961893403827859,https://ark.frantiq.fr/ark:/26678/pcrtmE7KBD6QPZ,[],[],"[""skos:Concept""]",false,false positive
dhmultiling,idai-pactols_de-fr,matcha-2026.tar.gz,[],[],"[""skos:Concept""]",http://thesauri.dainst.org/_dafb0ad8,=,0.8633926710572114,https://ark.frantiq.fr/ark:/26678/pcrtfOjLfceAZ0,[],[],"[""skos:Concept""]",true,true positive
dhmultiling,idai-pactols_de-fr,matcha-2026.tar.gz,[],[],"[""skos:Concept""]",http://thesauri.dainst.org/_5b640e14,=,0.9309008957026208,https://ark.frantiq.fr/ark:/26678/pcrt9WXX2cWeOQ,[],[],"[""skos:Concept""]",false,false positive
dhmultiling,idai-pactols_de-fr,matcha-2026.tar.gz,[],[],"[""skos:Concept""]",http://thesauri.dainst.org/_b55a5d10,=,0.9035967415283279,https://ark.frantiq.fr/ark:/26678/pcrtXOuO8FKGbe,[],[],"[""skos:Concept""]",false,false positive
dhmultiling,idai-pactols_de-fr,matcha-2026.tar.gz,[],[],"[""skos:Concept""]",http://thesauri.dainst.org/_4892310d,=,0.9267173828198377,https://ark.frantiq.fr/ark:/26678/pcrt5MQsnfNDTD,[],[],"[""skos:Concept""]",false,false positive
dhmultiling,idai-pactols_de-fr,matcha-2026.tar.gz,[],[],"[""skos:Concept""]",http://thesauri.dainst.org/_a9e10cab,=,0.0,https://ark.frantiq.fr/ark:/26678/pcrtp5Wcpmp9I3,[],[],"[""skos:Concept""]",true,false negative
dhmultiling,idai-pactols_de-fr,matcha-2026.tar.gz,[],[],"[""skos:Concept""]",http://thesauri.dainst.org/_68e1bd31,=,0.8633403342815877,https://ark.frantiq.fr/ark:/26678/pcrt1FD59O4eTz,[],[],"[""skos:Concept""]",true,true positive
dhmultiling,idai-pactols_de-fr,matcha-2026.tar.gz,[],[],"[""skos:Concept""]",http://thesauri.dainst.org/_c816fc0d,=,0.8049449761494131,https://ark.frantiq.fr/ark:/26678/pcrtrMvNrtSOHs,[],[],"[""skos:Concept""]",false,false positive
dhmultiling,idai-pactols_de-fr,matcha-2026.tar.gz,[],[],"[""skos:Concept""]",http://thesauri.dainst.org/_d3b9f438,=,0.0,https://ark.frantiq.fr/ark:/26678/pcrtKZYwYOkWlK,[],[],"[""skos:Concept""]",true,false negative
dhmultiling,idai-pactols_de-fr,matcha-2026.tar.gz,[],[],"[""skos:Concept""]",http://thesauri.dainst.org/_d321ff61,=,0.9969891957326739,https://ark.frantiq.fr/ark:/26678/pcrtgWbicZTgZe,[],[],"[""skos:Concept""]",true,true positive
dhmultiling,idai-pactols_de-fr,matcha-2026.tar.gz,[],[],"[""skos:Concept""]",http://thesauri.dainst.org/_e3649e97,=,0.8240871364242159,https://ark.frantiq.fr/ark:/26678/pcrtx4sFxmENjb,[],[],"[""skos:Concept""]",false,false positive
dhmultiling,idai-pactols_de-fr,matcha-2026.tar.gz,[],[],"[""skos:Concept""]",http://thesauri.dainst.org/_865f6c1e,=,0.9036538327300375,https://ark.frantiq.fr/ark:/26678/pcrtpZHoU1vm9o,[],[],"[""skos:Concept""]",false,false positive
dhmultiling,idai-pactols_de-fr,matcha-2026.tar.gz,[],[],"[""skos:Concept""]",http://thesauri.dainst.org/_d9be43fc,=,0.858569203234216,https://ark.frantiq.fr/ark:/26678/pcrta0rAmU2iDR,[],[],"[""skos:Concept""]",false,false positive
dhmultiling,idai-pactols_de-fr,matcha-2026.tar.gz,[],[],"[""skos:Concept""]",http://thesauri.dainst.org/_43845c5d,=,0.8653450387476248,https://ark.frantiq.fr/ark:/26678/pcrt9gfvI45Kcj,[],[],"[""skos:Concept""]",false,false positive
dhmultiling,idai-pactols_de-fr,matcha-2026.tar.gz,[],[],"[""skos:Concept""]",http://thesauri.dainst.org/_718afccb,=,0.8834751128387622,https://ark.frantiq.fr/ark:/26678/pcrtQS6tuoSfSW,[],[],"[""skos:Concept""]",false,false positive
dhmultiling,idai-pactols_de-fr,matcha-2026.tar.gz,[],[],"[""skos:Concept""]",http://thesauri.dainst.org/_bd4d65a8,=,0.0,https://ark.frantiq.fr/ark:/26678/pcrtgWbicZTgZe,[],[],"[""skos:Concept""]",true,false negative
dhmultiling,idai-pactols_de-fr,matcha-2026.tar.gz,[],[],"[""skos:Concept""]",http://thesauri.dainst.org/_49462e56,=,0.0,https://ark.frantiq.fr/ark:/26678/pcrtVmQTWhdSkJ,[],[],"[""skos:Concept""]",true,false negative
dhmultiling,idai-pactols_de-fr,matcha-2026.tar.gz,[],[],"[""skos:Concept""]",http://thesauri.dainst.org/_eb409d86,=,0.9499858468092404,https://ark.frantiq.fr/ark:/26678/pcrtQY3u48DUrQ,[],[],"[""skos:Concept""]",false,false positive
dhmultiling,idai-pactols_de-fr,matcha-2026.tar.gz,[],[],"[""skos:Concept""]",http://thesauri.dainst.org/_b5294159,=,0.8342150448466593,https://ark.frantiq.fr/ark:/26678/pcrtXGgQa70ZVU,[],[],"[""skos:Concept""]",false,false positive
dhmultiling,idai-pactols_de-fr,matcha-2026.tar.gz,[],[],"[""skos:Concept""]",http://thesauri.dainst.org/_1adf0150,=,0.0,https://ark.frantiq.fr/ark:/26678/pcrtpbgzj4c0da,[],[],"[""skos:Concept""]",true,false negative
dhmultiling,idai-pactols_de-fr,matcha-2026.tar.gz,[],[],"[""skos:Concept""]",http://thesauri.dainst.org/_ff7f0a52,=,0.9190308865494919,https://ark.frantiq.fr/ark:/26678/pcrtAqKgmvERHQ,[],[],"[""skos:Concept""]",false,false positive
dhmultiling,idai-pactols_de-fr,matcha-2026.tar.gz,[],[],"[""skos:Concept""]",http://thesauri.dainst.org/_8b38cf01,=,0.0,https://ark.frantiq.fr/ark:/26678/pcrt0Krn6QJlhU,[],[],"[""skos:Concept""]",true,false negative
dhmultiling,idai-pactols_de-fr,matcha-2026.tar.gz,[],[],"[""skos:Concept""]",http://thesauri.dainst.org/_e57135bf,=,0.8878522988669224,https://ark.frantiq.fr/ark:/26678/pcrtWouRhFysgx,[],[],"[""skos:Concept""]",false,false positive
dhmultiling,idai-pactols_de-fr,matcha-2026.tar.gz,[],[],"[""skos:Concept""]",http://thesauri.dainst.org/_f09b41b4,=,1.0,https://ark.frantiq.fr/ark:/26678/pcrt0Krn6QJlhU,[],[],"[""skos:Concept""]",true,true positive
dhmultiling,idai-pactols_de-fr,matcha-2026.tar.gz,[],[],"[""skos:Concept""]",http://thesauri.dainst.org/_7d8e11fb,=,0.8318004787865564,https://ark.frantiq.fr/ark:/26678/pcrtMZpgRPheIJ,[],[],"[""skos:Concept""]",false,false positive
dhmultiling,idai-pactols_de-fr,matcha-2026.tar.gz,[],[],"[""skos:Concept""]",http://thesauri.dainst.org/_ca4273ea,=,0.9196390595017377,https://ark.frantiq.fr/ark:/26678/pcrtD19Y1kxWR4,[],[],"[""skos:Concept""]",false,false positive
dhmultiling,idai-pactols_de-fr,matcha-2026.tar.gz,[],[],"[""skos:Concept""]",http://thesauri.dainst.org/_7d876473,=,0.7706885344123943,https://ark.frantiq.fr/ark:/26678/pcrtp5Wcpmp9I3,[],[],"[""skos:Concept""]",false,false positive
dhmultiling,idai-pactols_de-fr,matcha-2026.tar.gz,[],[],"[""skos:Concept""]",http://thesauri.dainst.org/_0d573959,=,0.8310061801262082,https://ark.frantiq.fr/ark:/26678/pcrtKZYwYOkWlK,[],[],"[""skos:Concept""]",false,false positive
dhmultiling,idai-pactols_de-fr,matcha-2026.tar.gz,[],[],"[""skos:Concept""]",http://thesauri.dainst.org/_af2f2dad,=,0.0,https://ark.frantiq.fr/ark:/26678/pcrtVgXu5JJGUg,[],[],"[""skos:Concept""]",true,false negative
dhmultiling,idai-pactols_de-fr,matcha-2026.tar.gz,[],[],"[""skos:Concept""]",http://thesauri.dainst.org/_49517e78,=,0.0,https://ark.frantiq.fr/ark:/26678/pcrt36pke8yWxW,[],[],"[""skos:Concept""]",true,false negative
dhmultiling,idai-pactols_de-fr,matcha-2026.tar.gz,[],[],"[""skos:Concept""]",http://thesauri.dainst.org/_1a626c1f,=,0.870753018327548,https://ark.frantiq.fr/ark:/26678/pcrtHIjtOg1P75,[],[],"[""skos:Concept""]",false,false positive
dhmultiling,idai-pactols_de-fr,matcha-2026.tar.gz,[],[],"[""skos:Concept""]",http://thesauri.dainst.org/_487eccd2,=,0.8856338078350158,https://ark.frantiq.fr/ark:/26678/pcrteJiI6BxaFN,[],[],"[""skos:Concept""]",false,false positive
dhmultiling,idai-pactols_de-fr,matcha-2026.tar.gz,[],[],"[""skos:Concept""]",http://thesauri.dainst.org/_2c06eae5,=,0.0,https://ark.frantiq.fr/ark:/26678/pcrtJUwAaZ7Nz9,[],[],"[""skos:Concept""]",true,false negative
dhmultiling,idai-pactols_de-fr,matcha-2026.tar.gz,[],[],"[""skos:Concept""]",http://thesauri.dainst.org/_c40b4a1d,=,0.0,https://ark.frantiq.fr/ark:/26678/pcrtrMvNrtSOHs,[],[],"[""skos:Concept""]",true,false negative
dhmultiling,idai-pactols_de-fr,matcha-2026.tar.gz,[],[],"[""skos:Concept""]",http://thesauri.dainst.org/_4688b7a6,=,0.882824429869464,https://ark.frantiq.fr/ark:/26678/pcrtF9P4mbuyGk,[],[],"[""skos:Concept""]",true,true positive
dhmultiling,idai-pactols_de-fr,matcha-2026.tar.gz,[],[],"[""skos:Concept""]",http://thesauri.dainst.org/_c7cb4d75,=,0.8513054845661556,https://ark.frantiq.fr/ark:/26678/pcrtKei7jxhn32,[],[],"[""skos:Concept""]",false,false positive
dhmultiling,idai-pactols_de-fr,matcha-2026.tar.gz,[],[],"[""skos:Concept""]",http://thesauri.dainst.org/_b02158bd,=,0.0,https://ark.frantiq.fr/ark:/26678/pcrtJUwAaZ7Nz9,[],[],"[""skos:Concept""]",true,false negative
dhmultiling,idai-pactols_de-fr,matcha-2026.tar.gz,[],[],"[""skos:Concept""]",http://thesauri.dainst.org/_5dfd5080,=,0.765206442201382,https://ark.frantiq.fr/ark:/26678/pcrtpbgzj4c0da,[],[],"[""skos:Concept""]",false,false positive
dhmultiling,idai-pactols_de-fr,matcha-2026.tar.gz,[],[],"[""skos:Concept""]",http://thesauri.dainst.org/_dc24f6c8,=,0.7658275676418221,https://ark.frantiq.fr/ark:/26678/pcrtKl3VI9w0s6,[],[],"[""skos:Concept""]",false,false positive
dhmultiling,idai-pactols_de-fr,matcha-2026.tar.gz,[],[],"[""skos:Concept""]",http://thesauri.dainst.org/_974a469f,=,0.8878522988669224,https://ark.frantiq.fr/ark:/26678/pcrtWouRhFysgx,[],[],"[""skos:Concept""]",false,false positive
dhmultiling,idai-pactols_de-fr,matcha-2026.tar.gz,[],[],"[""skos:Concept""]",http://thesauri.dainst.org/_a1f36e1b,=,0.9667838873689938,https://ark.frantiq.fr/ark:/26678/pcrt7UXeYrS8Nb,[],[],"[""skos:Concept""]",false,false positive
dhmultiling,idai-pactols_de-fr,matcha-2026.tar.gz,[],[],"[""skos:Concept""]",http://thesauri.dainst.org/_fa0559ba,=,0.8655598423582643,https://ark.frantiq.fr/ark:/26678/pcrtxKnfzXYMxK,[],[],"[""skos:Concept""]",false,false positive
dhmultiling,idai-pactols_de-fr,matcha-2026.tar.gz,[],[],"[""skos:Concept""]",http://thesauri.dainst.org/_671021af,=,0.8105265009357693,https://ark.frantiq.fr/ark:/26678/pcrtVmQTWhdSkJ,[],[],"[""skos:Concept""]",false,false positive
dhmultiling,idai-pactols_de-fr,matcha-2026.tar.gz,[],[],"[""skos:Concept""]",http://thesauri.dainst.org/_9d586d5f,=,0.8801799238897164,https://ark.frantiq.fr/ark:/26678/pcrtxdz8S5BdEg,[],[],"[""skos:Concept""]",false,false positive
dhmultiling,idai-pactols_de-fr,matcha-2026.tar.gz,[],[],"[""skos:Concept""]",http://thesauri.dainst.org/_3ec72d64,=,0.0,https://ark.frantiq.fr/ark:/26678/pcrt7UXeYrS8Nb,[],[],"[""skos:Concept""]",true,false negative
dhmultiling,idai-pactols_de-fr,matcha-2026.tar.gz,[],[],"[""skos:Concept""]",http://thesauri.dainst.org/_e4ea2434,=,0.8297118076432666,https://ark.frantiq.fr/ark:/26678/pcrtHIT0hSPFsR,[],[],"[""skos:Concept""]",false,false positive
dhmultiling,idai-pactols_de-fr,matcha-2026.tar.gz,[],[],"[""skos:Concept""]",http://thesauri.dainst.org/_87a30753,=,0.8469493871462636,https://ark.frantiq.fr/ark:/26678/pcrtfUWF9GVr4q,[],[],"[""skos:Concept""]",false,false positive
dhmultiling,idai-pactols_de-fr,matcha-2026.tar.gz,[],[],"[""skos:Concept""]",http://thesauri.dainst.org/_587fbc4c,=,0.8850452476441177,https://ark.frantiq.fr/ark:/26678/pcrtwvbHs6SmP8,[],[],"[""skos:Concept""]",false,false positive
dhmultiling,idai-pactols_de-fr,matcha-2026.tar.gz,[],[],"[""skos:Concept""]",http://thesauri.dainst.org/_47f1c226,=,0.8484120232468076,https://ark.frantiq.fr/ark:/26678/pcrtms2OAv82PY,[],[],"[""skos:Concept""]",false,false positive
dhmultiling,idai-pactols_de-fr,matcha-2026.tar.gz,[],[],"[""skos:Concept""]",http://thesauri.dainst.org/_2fd364dd,=,0.7636424680015766,https://ark.frantiq.fr/ark:/26678/pcrt5ecRHjSZTM,[],[],"[""skos:Concept""]",false,false positive
dhmultiling,idai-pactols_de-en,tim-2026.tar.gz,[],[],"[""skos:Concept""]",http://thesauri.dainst.org/_f09b41b4,=,0.0,https://ark.frantiq.fr/ark:/26678/pcrt0Krn6QJlhU,[],[],"[""skos:Concept""]",true,false negative
dhmultiling,idai-pactols_de-en,tim-2026.tar.gz,[],[],"[""skos:Concept""]",http://thesauri.dainst.org/_af2f2dad,=,0.0,https://ark.frantiq.fr/ark:/26678/pcrtVgXu5JJGUg,[],[],"[""skos:Concept""]",true,false negative
dhmultiling,idai-pactols_de-en,tim-2026.tar.gz,[],[],"[""skos:Concept""]",http://thesauri.dainst.org/_dafb0ad8,=,0.0,https://ark.frantiq.fr/ark:/26678/pcrtfOjLfceAZ0,[],[],"[""skos:Concept""]",true,false negative
dhmultiling,idai-pactols_de-en,tim-2026.tar.gz,[],[],"[""skos:Concept""]",http://thesauri.dainst.org/_bd4d65a8,=,0.0,https://ark.frantiq.fr/ark:/26678/pcrtgWbicZTgZe,[],[],"[""skos:Concept""]",true,false negative
dhmultiling,idai-pactols_de-en,tim-2026.tar.gz,[],[],"[""skos:Concept""]",http://thesauri.dainst.org/_49517e78,=,0.0,https://ark.frantiq.fr/ark:/26678/pcrt36pke8yWxW,[],[],"[""skos:Concept""]",true,false negative
dhmultiling,idai-pactols_de-en,tim-2026.tar.gz,[],[],"[""skos:Concept""]",http://thesauri.dainst.org/_49462e56,=,0.0,https://ark.frantiq.fr/ark:/26678/pcrtVmQTWhdSkJ,[],[],"[""skos:Concept""]",true,false negative
dhmultiling,idai-pactols_de-en,tim-2026.tar.gz,[],[],"[""skos:Concept""]",http://thesauri.dainst.org/_1adf0150,=,0.0,https://ark.frantiq.fr/ark:/26678/pcrtpbgzj4c0da,[],[],"[""skos:Concept""]",true,false negative
dhmultiling,idai-pactols_de-en,tim-2026.tar.gz,[],[],"[""skos:Concept""]",http://thesauri.dainst.org/_2c06eae5,=,0.0,https://ark.frantiq.fr/ark:/26678/pcrtJUwAaZ7Nz9,[],[],"[""skos:Concept""]",true,false negative
dhmultiling,idai-pactols_de-en,tim-2026.tar.gz,[],[],"[""skos:Concept""]",http://thesauri.dainst.org/_a9e10cab,=,0.0,https://ark.frantiq.fr/ark:/26678/pcrtp5Wcpmp9I3,[],[],"[""skos:Concept""]",true,false negative
dhmultiling,idai-pactols_de-en,tim-2026.tar.gz,[],[],"[""skos:Concept""]",http://thesauri.dainst.org/_c40b4a1d,=,0.0,https://ark.frantiq.fr/ark:/26678/pcrtrMvNrtSOHs,[],[],"[""skos:Concept""]",true,false negative
dhmultiling,idai-pactols_de-en,tim-2026.tar.gz,[],[],"[""skos:Concept""]",http://thesauri.dainst.org/_68e1bd31,=,0.0,https://ark.frantiq.fr/ark:/26678/pcrt1FD59O4eTz,[],[],"[""skos:Concept""]",true,false negative
dhmultiling,idai-pactols_de-en,tim-2026.tar.gz,[],[],"[""skos:Concept""]",http://thesauri.dainst.org/_3ec72d64,=,0.0,https://ark.frantiq.fr/ark:/26678/pcrt7UXeYrS8Nb,[],[],"[""skos:Concept""]",true,false negative
dhmultiling,idai-pactols_de-en,tim-2026.tar.gz,[],[],[],http://thesauri.dainst.org/schema#memberOf,=,1.0,http://purl.org/umu/uneskos#memberOf,[],[],[],false,false positive
dhmultiling,idai-pactols_de-en,tim-2026.tar.gz,"[""Concept""]",[],"[""owl:Class""]",http://www.w3.org/2004/02/skos/core#Concept,=,1.0,http://www.w3.org/2004/02/skos/core#Concept,"[""Concept""]",[],"[""owl:Class""]",false,false positive
dhmultiling,idai-pactols_de-en,tim-2026.tar.gz,[],[],"[""skos:Concept""]",http://thesauri.dainst.org/_d3b9f438,=,0.0,https://ark.frantiq.fr/ark:/26678/pcrtKZYwYOkWlK,[],[],"[""skos:Concept""]",true,false negative
dhmultiling,idai-pactols_de-en,tim-2026.tar.gz,[],[],"[""skos:Concept""]",http://thesauri.dainst.org/_4688b7a6,=,0.0,https://ark.frantiq.fr/ark:/26678/pcrtF9P4mbuyGk,[],[],"[""skos:Concept""]",true,false negative
dhmultiling,idai-pactols_de-en,tim-2026.tar.gz,[],[],"[""skos:Concept""]",http://thesauri.dainst.org/_d321ff61,=,0.0,https://ark.frantiq.fr/ark:/26678/pcrtgWbicZTgZe,[],[],"[""skos:Concept""]",true,false negative
dhmultiling,idai-pactols_de-en,tim-2026.tar.gz,[],[],"[""skos:Concept""]",http://thesauri.dainst.org/_8b38cf01,=,0.0,https://ark.frantiq.fr/ark:/26678/pcrt0Krn6QJlhU,[],[],"[""skos:Concept""]",true,false negative
dhmultiling,idai-pactols_de-en,tim-2026.tar.gz,[],[],"[""skos:Concept""]",http://thesauri.dainst.org/_b02158bd,=,0.0,https://ark.frantiq.fr/ark:/26678/pcrtJUwAaZ7Nz9,[],[],"[""skos:Concept""]",true,false negative
dhmultiling,idai-pactols_de-fr,logmap-kg-2026.tar.gz,[],[],"[""skos:Concept""]",http://thesauri.dainst.org/_f09b41b4,=,1.0,https://ark.frantiq.fr/ark:/26678/pcrt0Krn6QJlhU,[],[],"[""skos:Concept""]",true,true positive
dhmultiling,idai-pactols_de-fr,logmap-kg-2026.tar.gz,[],[],"[""skos:Concept""]",http://thesauri.dainst.org/_8dbb15bf,=,1.0,https://ark.frantiq.fr/ark:/26678/pcrtNU9yWjKe6U,[],[],"[""skos:Concept""]",false,false positive
dhmultiling,idai-pactols_de-fr,logmap-kg-2026.tar.gz,[],[],"[""skos:Concept""]",http://thesauri.dainst.org/_ca4273ea,=,0.95,https://ark.frantiq.fr/ark:/26678/pcrtD19Y1kxWR4,[],[],"[""skos:Concept""]",false,false positive
dhmultiling,idai-pactols_de-fr,logmap-kg-2026.tar.gz,[],[],"[""skos:Concept""]",http://thesauri.dainst.org/_af2f2dad,=,0.0,https://ark.frantiq.fr/ark:/26678/pcrtVgXu5JJGUg,[],[],"[""skos:Concept""]",true,false negative
dhmultiling,idai-pactols_de-fr,logmap-kg-2026.tar.gz,[],[],"[""skos:Concept""]",http://thesauri.dainst.org/_a1f36e1b,=,0.96,https://ark.frantiq.fr/ark:/26678/pcrt7UXeYrS8Nb,[],[],"[""skos:Concept""]",false,false positive
dhmultiling,idai-pactols_de-fr,logmap-kg-2026.tar.gz,[],[],"[""skos:Concept""]",http://thesauri.dainst.org/_dafb0ad8,=,0.0,https://ark.frantiq.fr/ark:/26678/pcrtfOjLfceAZ0,[],[],"[""skos:Concept""]",true,false negative
dhmultiling,idai-pactols_de-fr,logmap-kg-2026.tar.gz,[],[],"[""skos:Concept""]",http://thesauri.dainst.org/_bd4d65a8,=,0.0,https://ark.frantiq.fr/ark:/26678/pcrtgWbicZTgZe,[],[],"[""skos:Concept""]",true,false negative
dhmultiling,idai-pactols_de-fr,logmap-kg-2026.tar.gz,[],[],"[""skos:Concept""]",http://thesauri.dainst.org/_49517e78,=,0.0,https://ark.frantiq.fr/ark:/26678/pcrt36pke8yWxW,[],[],"[""skos:Concept""]",true,false negative
dhmultiling,idai-pactols_de-fr,logmap-kg-2026.tar.gz,[],[],"[""skos:Concept""]",http://thesauri.dainst.org/_49462e56,=,0.0,https://ark.frantiq.fr/ark:/26678/pcrtVmQTWhdSkJ,[],[],"[""skos:Concept""]",true,false negative
dhmultiling,idai-pactols_de-fr,logmap-kg-2026.tar.gz,[],[],"[""skos:Concept""]",http://thesauri.dainst.org/_1adf0150,=,0.0,https://ark.frantiq.fr/ark:/26678/pcrtpbgzj4c0da,[],[],"[""skos:Concept""]",true,false negative
dhmultiling,idai-pactols_de-fr,logmap-kg-2026.tar.gz,[],[],"[""skos:Concept""]",http://thesauri.dainst.org/_2c06eae5,=,0.0,https://ark.frantiq.fr/ark:/26678/pcrtJUwAaZ7Nz9,[],[],"[""skos:Concept""]",true,false negative
dhmultiling,idai-pactols_de-fr,logmap-kg-2026.tar.gz,[],[],"[""skos:Concept""]",http://thesauri.dainst.org/_a9e10cab,=,0.0,https://ark.frantiq.fr/ark:/26678/pcrtp5Wcpmp9I3,[],[],"[""skos:Concept""]",true,false negative
dhmultiling,idai-pactols_de-fr,logmap-kg-2026.tar.gz,[],[],"[""skos:Concept""]",http://thesauri.dainst.org/_c40b4a1d,=,0.0,https://ark.frantiq.fr/ark:/26678/pcrtrMvNrtSOHs,[],[],"[""skos:Concept""]",true,false negative
dhmultiling,idai-pactols_de-fr,logmap-kg-2026.tar.gz,[],[],"[""skos:Concept""]",http://thesauri.dainst.org/_68e1bd31,=,0.0,https://ark.frantiq.fr/ark:/26678/pcrt1FD59O4eTz,[],[],"[""skos:Concept""]",true,false negative
dhmultiling,idai-pactols_de-fr,logmap-kg-2026.tar.gz,[],[],"[""skos:Concept""]",http://thesauri.dainst.org/_3ec72d64,=,0.0,https://ark.frantiq.fr/ark:/26678/pcrt7UXeYrS8Nb,[],[],"[""skos:Concept""]",true,false negative
dhmultiling,idai-pactols_de-fr,logmap-kg-2026.tar.gz,[],[],[],http://thesauri.dainst.org/schema#memberOf,=,1.0,http://purl.org/umu/uneskos#memberOf,[],[],[],false,false positive
dhmultiling,idai-pactols_de-fr,logmap-kg-2026.tar.gz,[],[],"[""skos:Concept""]",http://thesauri.dainst.org/_d3b9f438,=,0.0,https://ark.frantiq.fr/ark:/26678/pcrtKZYwYOkWlK,[],[],"[""skos:Concept""]",true,false negative
dhmultiling,idai-pactols_de-fr,logmap-kg-2026.tar.gz,[],[],"[""skos:Concept""]",http://thesauri.dainst.org/_4688b7a6,=,0.0,https://ark.frantiq.fr/ark:/26678/pcrtF9P4mbuyGk,[],[],"[""skos:Concept""]",true,false negative
dhmultiling,idai-pactols_de-fr,logmap-kg-2026.tar.gz,[],[],"[""skos:Concept""]",http://thesauri.dainst.org/_d321ff61,=,0.98,https://ark.frantiq.fr/ark:/26678/pcrtgWbicZTgZe,[],[],"[""skos:Concept""]",true,true positive
dhmultiling,idai-pactols_de-fr,logmap-kg-2026.tar.gz,[],[],"[""skos:Concept""]",http://thesauri.dainst.org/_8b38cf01,=,0.0,https://ark.frantiq.fr/ark:/26678/pcrt0Krn6QJlhU,[],[],"[""skos:Concept""]",true,false negative
dhmultiling,idai-pactols_de-fr,logmap-kg-2026.tar.gz,[],[],"[""skos:Concept""]",http://thesauri.dainst.org/_b02158bd,=,0.0,https://ark.frantiq.fr/ark:/26678/pcrtJUwAaZ7Nz9,[],[],"[""skos:Concept""]",true,false negative
dhmultiling,idai-pactols_fr-fr,logmap-bio-2026.tar.gz,[],[],"[""skos:Concept""]",http://thesauri.dainst.org/_2c06eae5,=,0.0,https://ark.frantiq.fr/ark:/26678/pcrtJUwAaZ7Nz9,[],[],"[""skos:Concept""]",true,false negative
dhmultiling,idai-pactols_fr-fr,logmap-bio-2026.tar.gz,[],[],"[""skos:Concept""]",http://thesauri.dainst.org/_c40b4a1d,=,0.0,https://ark.frantiq.fr/ark:/26678/pcrtrMvNrtSOHs,[],[],"[""skos:Concept""]",true,false negative
dhmultiling,idai-pactols_fr-fr,logmap-bio-2026.tar.gz,[],[],[],http://thesauri.dainst.org/schema#memberOf,=,1.0,http://purl.org/umu/uneskos#memberOf,[],[],[],false,false positive
dhmultiling,idai-pactols_fr-fr,logmap-bio-2026.tar.gz,[],[],"[""skos:Concept""]",http://thesauri.dainst.org/_4688b7a6,=,0.0,https://ark.frantiq.fr/ark:/26678/pcrtF9P4mbuyGk,[],[],"[""skos:Concept""]",true,false negative
dhmultiling,idai-pactols_fr-fr,logmap-bio-2026.tar.gz,[],[],"[""skos:Concept""]",http://thesauri.dainst.org/_b02158bd,=,0.0,https://ark.frantiq.fr/ark:/26678/pcrtJUwAaZ7Nz9,[],[],"[""skos:Concept""]",true,false negative
dhmultiling,idai-pactols_it-it,matcha-2026.tar.gz,[],[],"[""skos:Concept""]",http://thesauri.dainst.org/_e0531417,=,0.8835999999999999,https://ark.frantiq.fr/ark:/26678/pcrtms2OAv82PY,[],[],"[""skos:Concept""]",false,false positive
dhmultiling,idai-pactols_it-it,matcha-2026.tar.gz,[],[],"[""skos:Concept""]",http://thesauri.dainst.org/_2c06eae5,=,0.8835999999999999,https://ark.frantiq.fr/ark:/26678/pcrtJUwAaZ7Nz9,[],[],"[""skos:Concept""]",true,true positive
dhmultiling,idai-pactols_it-it,matcha-2026.tar.gz,[],[],"[""skos:Concept""]",http://thesauri.dainst.org/_fd86e2ca,=,0.8835999999999999,https://ark.frantiq.fr/ark:/26678/pcrtNU9yWjKe6U,[],[],"[""skos:Concept""]",false,false positive
dhmultiling,idai-pactols_it-it,matcha-2026.tar.gz,[],[],"[""skos:Concept""]",http://thesauri.dainst.org/_7331ad90,=,0.8835999999999999,https://ark.frantiq.fr/ark:/26678/pcrtSp0Bn88zX1,[],[],"[""skos:Concept""]",false,false positive
dhmultiling,idai-pactols_it-it,matcha-2026.tar.gz,[],[],"[""skos:Concept""]",http://thesauri.dainst.org/_c40b4a1d,=,0.0,https://ark.frantiq.fr/ark:/26678/pcrtrMvNrtSOHs,[],[],"[""skos:Concept""]",true,false negative
dhmultiling,idai-pactols_it-it,matcha-2026.tar.gz,[],[],"[""skos:Concept""]",http://thesauri.dainst.org/_3b4ba2e6,=,0.8835999999999999,https://ark.frantiq.fr/ark:/26678/pcrtXGgQa70ZVU,[],[],"[""skos:Concept""]",false,false positive
dhmultiling,idai-pactols_it-it,matcha-2026.tar.gz,[],[],"[""skos:Concept""]",http://thesauri.dainst.org/_87a30753,=,0.8835999999999999,https://ark.frantiq.fr/ark:/26678/pcrtxKnfzXYMxK,[],[],"[""skos:Concept""]",false,false positive
dhmultiling,idai-pactols_it-it,matcha-2026.tar.gz,[],[],"[""skos:Concept""]",http://thesauri.dainst.org/_7020590d,=,0.8835999999999999,https://ark.frantiq.fr/ark:/26678/pcrt9PJh9aTXv4,[],[],"[""skos:Concept""]",false,false positive
dhmultiling,idai-pactols_it-it,matcha-2026.tar.gz,[],[],"[""skos:Concept""]",http://thesauri.dainst.org/_4688b7a6,=,0.8835999999999999,https://ark.frantiq.fr/ark:/26678/pcrtF9P4mbuyGk,[],[],"[""skos:Concept""]",true,true positive
dhmultiling,idai-pactols_it-it,matcha-2026.tar.gz,[],[],"[""skos:Concept""]",http://thesauri.dainst.org/_b02158bd,=,0.8835999999999999,https://ark.frantiq.fr/ark:/26678/pcrtJUwAaZ7Nz9,[],[],"[""skos:Concept""]",true,true positive
dhmultiling,idai-pactols_it-it,matcha-2026.tar.gz,[],[],"[""skos:Concept""]",http://thesauri.dainst.org/_79da6a36,=,0.8835999999999999,https://ark.frantiq.fr/ark:/26678/pcrt5MQsnfNDTD,[],[],"[""skos:Concept""]",false,false positive
dhmultiling,idai-pactols_de-de,logmap-bio-2026.tar.gz,[],[],"[""skos:Concept""]",http://thesauri.dainst.org/_f09b41b4,=,0.0,https://ark.frantiq.fr/ark:/26678/pcrt0Krn6QJlhU,[],[],"[""skos:Concept""]",true,false negative
dhmultiling,idai-pactols_de-de,logmap-bio-2026.tar.gz,[],[],"[""skos:Concept""]",http://thesauri.dainst.org/_af2f2dad,=,0.0,https://ark.frantiq.fr/ark:/26678/pcrtVgXu5JJGUg,[],[],"[""skos:Concept""]",true,false negative
dhmultiling,idai-pactols_de-de,logmap-bio-2026.tar.gz,[],[],"[""skos:Concept""]",http://thesauri.dainst.org/_dafb0ad8,=,0.0,https://ark.frantiq.fr/ark:/26678/pcrtfOjLfceAZ0,[],[],"[""skos:Concept""]",true,false negative
dhmultiling,idai-pactols_de-de,logmap-bio-2026.tar.gz,[],[],"[""skos:Concept""]",http://thesauri.dainst.org/_bd4d65a8,=,0.0,https://ark.frantiq.fr/ark:/26678/pcrtgWbicZTgZe,[],[],"[""skos:Concept""]",true,false negative
dhmultiling,idai-pactols_de-de,logmap-bio-2026.tar.gz,[],[],"[""skos:Concept""]",http://thesauri.dainst.org/_49517e78,=,0.0,https://ark.frantiq.fr/ark:/26678/pcrt36pke8yWxW,[],[],"[""skos:Concept""]",true,false negative
dhmultiling,idai-pactols_de-de,logmap-bio-2026.tar.gz,[],[],"[""skos:Concept""]",http://thesauri.dainst.org/_49462e56,=,0.0,https://ark.frantiq.fr/ark:/26678/pcrtVmQTWhdSkJ,[],[],"[""skos:Concept""]",true,false negative
dhmultiling,idai-pactols_de-de,logmap-bio-2026.tar.gz,[],[],"[""skos:Concept""]",http://thesauri.dainst.org/_1adf0150,=,0.0,https://ark.frantiq.fr/ark:/26678/pcrtpbgzj4c0da,[],[],"[""skos:Concept""]",true,false negative
dhmultiling,idai-pactols_de-de,logmap-bio-2026.tar.gz,[],[],"[""skos:Concept""]",http://thesauri.dainst.org/_2c06eae5,=,0.0,https://ark.frantiq.fr/ark:/26678/pcrtJUwAaZ7Nz9,[],[],"[""skos:Concept""]",true,false negative
dhmultiling,idai-pactols_de-de,logmap-bio-2026.tar.gz,[],[],"[""skos:Concept""]",http://thesauri.dainst.org/_a9e10cab,=,0.0,https://ark.frantiq.fr/ark:/26678/pcrtp5Wcpmp9I3,[],[],"[""skos:Concept""]",true,false negative
dhmultiling,idai-pactols_de-de,logmap-bio-2026.tar.gz,[],[],"[""skos:Concept""]",http://thesauri.dainst.org/_c40b4a1d,=,0.0,https://ark.frantiq.fr/ark:/26678/pcrtrMvNrtSOHs,[],[],"[""skos:Concept""]",true,false negative
dhmultiling,idai-pactols_de-de,logmap-bio-2026.tar.gz,[],[],"[""skos:Concept""]",http://thesauri.dainst.org/_68e1bd31,=,0.0,https://ark.frantiq.fr/ark:/26678/pcrt1FD59O4eTz,[],[],"[""skos:Concept""]",true,false negative
dhmultiling,idai-pactols_de-de,logmap-bio-2026.tar.gz,[],[],"[""skos:Concept""]",http://thesauri.dainst.org/_3ec72d64,=,0.0,https://ark.frantiq.fr/ark:/26678/pcrt7UXeYrS8Nb,[],[],"[""skos:Concept""]",true,false negative
dhmultiling,idai-pactols_de-de,logmap-bio-2026.tar.gz,[],[],[],http://thesauri.dainst.org/schema#memberOf,=,1.0,http://purl.org/umu/uneskos#memberOf,[],[],[],false,false positive
dhmultiling,idai-pactols_de-de,logmap-bio-2026.tar.gz,[],[],"[""skos:Concept""]",http://thesauri.dainst.org/_d3b9f438,=,0.0,https://ark.frantiq.fr/ark:/26678/pcrtKZYwYOkWlK,[],[],"[""skos:Concept""]",true,false negative
dhmultiling,idai-pactols_de-de,logmap-bio-2026.tar.gz,[],[],"[""skos:Concept""]",http://thesauri.dainst.org/_4688b7a6,=,0.0,https://ark.frantiq.fr/ark:/26678/pcrtF9P4mbuyGk,[],[],"[""skos:Concept""]",true,false negative
dhmultiling,idai-pactols_de-de,logmap-bio-2026.tar.gz,[],[],"[""skos:Concept""]",http://thesauri.dainst.org/_d321ff61,=,0.0,https://ark.frantiq.fr/ark:/26678/pcrtgWbicZTgZe,[],[],"[""skos:Concept""]",true,false negative
dhmultiling,idai-pactols_de-de,logmap-bio-2026.tar.gz,[],[],"[""skos:Concept""]",http://thesauri.dainst.org/_8b38cf01,=,0.0,https://ark.frantiq.fr/ark:/26678/pcrt0Krn6QJlhU,[],[],"[""skos:Concept""]",true,false negative
dhmultiling,idai-pactols_de-de,logmap-bio-2026.tar.gz,[],[],"[""skos:Concept""]",http://thesauri.dainst.org/_b02158bd,=,0.0,https://ark.frantiq.fr/ark:/26678/pcrtJUwAaZ7Nz9,[],[],"[""skos:Concept""]",true,false negative
dhmultiling,idai-pactols_en-it,matcha-2026.tar.gz,[],[],"[""skos:Concept""]",http://thesauri.dainst.org/_f8ccb945,=,0.8005955823997675,https://ark.frantiq.fr/ark:/26678/pcrteJiI6BxaFN,[],[],"[""skos:Concept""]",false,false positive
dhmultiling,idai-pactols_en-it,matcha-2026.tar.gz,[],[],"[""skos:Concept""]",http://thesauri.dainst.org/_14364b92,=,0.8181535077972536,https://ark.frantiq.fr/ark:/26678/pcrtxdz8S5BdEg,[],[],"[""skos:Concept""]",false,false positive
dhmultiling,idai-pactols_en-it,matcha-2026.tar.gz,[],[],"[""skos:Concept""]",http://thesauri.dainst.org/_15165d64,=,0.7660695372840177,https://ark.frantiq.fr/ark:/26678/pcrtAYfItWHoOV,[],[],"[""skos:Concept""]",false,false positive
dhmultiling,idai-pactols_en-it,matcha-2026.tar.gz,[],[],"[""skos:Concept""]",http://thesauri.dainst.org/_3b4ba2e6,=,0.9330207454219176,https://ark.frantiq.fr/ark:/26678/pcrtXGgQa70ZVU,[],[],"[""skos:Concept""]",false,false positive
dhmultiling,idai-pactols_en-it,matcha-2026.tar.gz,[],[],"[""skos:Concept""]",http://thesauri.dainst.org/_8513ac4e,=,0.8607112386616141,https://ark.frantiq.fr/ark:/26678/pcrtgWbicZTgZe,[],[],"[""skos:Concept""]",false,false positive
dhmultiling,idai-pactols_en-it,matcha-2026.tar.gz,[],[],"[""skos:Concept""]",http://thesauri.dainst.org/_e0531417,=,0.7587030391760753,https://ark.frantiq.fr/ark:/26678/pcrtx4sFxmENjb,[],[],"[""skos:Concept""]",false,false positive
dhmultiling,idai-pactols_en-it,matcha-2026.tar.gz,[],[],"[""skos:Concept""]",http://thesauri.dainst.org/_9047a17e,=,0.9330207454219176,https://ark.frantiq.fr/ark:/26678/pcrtXGgQa70ZVU,[],[],"[""skos:Concept""]",false,false positive
dhmultiling,idai-pactols_en-it,matcha-2026.tar.gz,[],[],"[""skos:Concept""]",http://thesauri.dainst.org/_5049fd2a,=,0.8428774019456716,https://ark.frantiq.fr/ark:/26678/pcrtKZYwYOkWlK,[],[],"[""skos:Concept""]",false,false positive
dhmultiling,idai-pactols_en-it,matcha-2026.tar.gz,[],[],"[""skos:Concept""]",http://thesauri.dainst.org/_5a5cdac1,=,0.7939943929617871,https://ark.frantiq.fr/ark:/26678/pcrtRIPguI6ugI,[],[],"[""skos:Concept""]",false,false positive
dhmultiling,idai-pactols_en-it,matcha-2026.tar.gz,[],[],"[""skos:Concept""]",http://thesauri.dainst.org/_e9fad85e,=,0.7587030391760753,https://ark.frantiq.fr/ark:/26678/pcrtx4sFxmENjb,[],[],"[""skos:Concept""]",false,false positive
dhmultiling,idai-pactols_en-it,matcha-2026.tar.gz,[],[],"[""skos:Concept""]",http://thesauri.dainst.org/_2c06eae5,=,0.0,https://ark.frantiq.fr/ark:/26678/pcrtJUwAaZ7Nz9,[],[],"[""skos:Concept""]",true,false negative
dhmultiling,idai-pactols_en-it,matcha-2026.tar.gz,[],[],"[""skos:Concept""]",http://thesauri.dainst.org/_c40b4a1d,=,0.8337425757949853,https://ark.frantiq.fr/ark:/26678/pcrtrMvNrtSOHs,[],[],"[""skos:Concept""]",true,true positive
dhmultiling,idai-pactols_en-it,matcha-2026.tar.gz,[],[],"[""skos:Concept""]",http://thesauri.dainst.org/_1c0fa2d2,=,0.8132125133672523,https://ark.frantiq.fr/ark:/26678/pcrtXOuO8FKGbe,[],[],"[""skos:Concept""]",false,false positive
dhmultiling,idai-pactols_en-it,matcha-2026.tar.gz,[],[],"[""skos:Concept""]",http://thesauri.dainst.org/_c816fc0d,=,0.8337425757949853,https://ark.frantiq.fr/ark:/26678/pcrtrMvNrtSOHs,[],[],"[""skos:Concept""]",false,false positive
dhmultiling,idai-pactols_en-it,matcha-2026.tar.gz,[],[],"[""skos:Concept""]",http://thesauri.dainst.org/_5d92d740,=,0.7973481779464509,https://ark.frantiq.fr/ark:/26678/pcrtwvbHs6SmP8,[],[],"[""skos:Concept""]",false,false positive
dhmultiling,idai-pactols_en-it,matcha-2026.tar.gz,[],[],"[""skos:Concept""]",http://thesauri.dainst.org/_4688b7a6,=,0.9114707916825388,https://ark.frantiq.fr/ark:/26678/pcrtF9P4mbuyGk,[],[],"[""skos:Concept""]",true,true positive
dhmultiling,idai-pactols_en-it,matcha-2026.tar.gz,[],[],"[""skos:Concept""]",http://thesauri.dainst.org/_d86e5851,=,0.7633257549146766,https://ark.frantiq.fr/ark:/26678/pcrtSp0Bn88zX1,[],[],"[""skos:Concept""]",false,false positive
dhmultiling,idai-pactols_en-it,matcha-2026.tar.gz,[],[],"[""skos:Concept""]",http://thesauri.dainst.org/_b02158bd,=,0.0,https://ark.frantiq.fr/ark:/26678/pcrtJUwAaZ7Nz9,[],[],"[""skos:Concept""]",true,false negative
dhmultiling,idai-pactols_en-it,matcha-2026.tar.gz,[],[],"[""skos:Concept""]",http://thesauri.dainst.org/_fc496e78,=,0.8472122601059175,https://ark.frantiq.fr/ark:/26678/pcrtms2OAv82PY,[],[],"[""skos:Concept""]",false,false positive
dhmultiling,idai-pactols_en-it,matcha-2026.tar.gz,[],[],"[""skos:Concept""]",http://thesauri.dainst.org/_5c7aad16,=,0.9116290170333571,https://ark.frantiq.fr/ark:/26678/pcrtD19Y1kxWR4,[],[],"[""skos:Concept""]",false,false positive
dhmultiling,idai-pactols_en-it,matcha-2026.tar.gz,[],[],"[""skos:Concept""]",http://thesauri.dainst.org/_8e0ef9a5,=,0.8339297714196185,https://ark.frantiq.fr/ark:/26678/pcrtpbgzj4c0da,[],[],"[""skos:Concept""]",false,false positive
dhmultiling,idai-pactols_en-it,matcha-2026.tar.gz,[],[],"[""skos:Concept""]",http://thesauri.dainst.org/_d83900ce,=,0.848442075197362,https://ark.frantiq.fr/ark:/26678/pcrthcbe2XySTb,[],[],"[""skos:Concept""]",false,false positive
dhmultiling,idai-pactols_en-it,matcha-2026.tar.gz,[],[],"[""skos:Concept""]",http://thesauri.dainst.org/_d9be43fc,=,0.8307078641586754,https://ark.frantiq.fr/ark:/26678/pcrta0rAmU2iDR,[],[],"[""skos:Concept""]",false,false positive
dhmultiling,idai-pactols_en-it,matcha-2026.tar.gz,[],[],"[""skos:Concept""]",http://thesauri.dainst.org/_3205eeb2,=,0.8778478510064596,https://ark.frantiq.fr/ark:/26678/pcrtAqKgmvERHQ,[],[],"[""skos:Concept""]",false,false positive
dhmultiling,idai-pactols_en-it,matcha-2026.tar.gz,[],[],"[""skos:Concept""]",http://thesauri.dainst.org/_003b194e,=,0.8735335632727574,https://ark.frantiq.fr/ark:/26678/pcrtHIjtOg1P75,[],[],"[""skos:Concept""]",false,false positive
dhmultiling,idai-pactols_en-it,matcha-2026.tar.gz,[],[],"[""skos:Concept""]",http://thesauri.dainst.org/_718afccb,=,0.8834751128387622,https://ark.frantiq.fr/ark:/26678/pcrtQS6tuoSfSW,[],[],"[""skos:Concept""]",false,false positive
dhmultiling,idai-pactols_en-it,matcha-2026.tar.gz,[],[],"[""skos:Concept""]",http://thesauri.dainst.org/_bd4d65a8,=,0.0,https://ark.frantiq.fr/ark:/26678/pcrtgWbicZTgZe,[],[],"[""skos:Concept""]",true,false negative
dhmultiling,idai-pactols_en-it,matcha-2026.tar.gz,[],[],"[""skos:Concept""]",http://thesauri.dainst.org/_6c88fce7,=,0.9312839367636717,https://ark.frantiq.fr/ark:/26678/pcrtxKnfzXYMxK,[],[],"[""skos:Concept""]",false,false positive
dhmultiling,idai-pactols_en-it,matcha-2026.tar.gz,[],[],"[""skos:Concept""]",http://thesauri.dainst.org/_e5065f53,=,0.8735335632727574,https://ark.frantiq.fr/ark:/26678/pcrtHIjtOg1P75,[],[],"[""skos:Concept""]",false,false positive
dhmultiling,idai-pactols_en-it,matcha-2026.tar.gz,[],[],"[""skos:Concept""]",http://thesauri.dainst.org/_9e5a0caa,=,0.8688986546150839,https://ark.frantiq.fr/ark:/26678/pcrtpZHoU1vm9o,[],[],"[""skos:Concept""]",false,false positive
dhmultiling,idai-pactols_en-it,matcha-2026.tar.gz,[],[],"[""skos:Concept""]",http://thesauri.dainst.org/_e303d28e,=,0.8061020750099347,https://ark.frantiq.fr/ark:/26678/pcrt9gfvI45Kcj,[],[],"[""skos:Concept""]",false,false positive
dhmultiling,idai-pactols_en-it,matcha-2026.tar.gz,[],[],"[""skos:Concept""]",http://thesauri.dainst.org/_04fa2c52,=,0.7891697440964266,https://ark.frantiq.fr/ark:/26678/pcrtkeLpJpVN4t,[],[],"[""skos:Concept""]",false,false positive
dhmultiling,idai-pactols_en-it,matcha-2026.tar.gz,[],[],"[""skos:Concept""]",http://thesauri.dainst.org/_ff8ce0d4,=,0.8663840580495993,https://ark.frantiq.fr/ark:/26678/pcrtjMFrjr1utW,[],[],"[""skos:Concept""]",false,false positive
dhmultiling,idai-pactols_en-it,matcha-2026.tar.gz,[],[],"[""skos:Concept""]",http://thesauri.dainst.org/_e7ab4bad,=,0.8001849057550073,https://ark.frantiq.fr/ark:/26678/pcrtNU9yWjKe6U,[],[],"[""skos:Concept""]",false,false positive
dhmultiling,idai-pactols_en-it,matcha-2026.tar.gz,[],[],"[""skos:Concept""]",http://thesauri.dainst.org/_263b6d28,=,0.8824617731630643,https://ark.frantiq.fr/ark:/26678/pcrt5MQsnfNDTD,[],[],"[""skos:Concept""]",false,false positive
dhmultiling,idai-pactols_en-it,matcha-2026.tar.gz,[],[],"[""skos:Concept""]",http://thesauri.dainst.org/_e958c7e1,=,0.7676694751945589,https://ark.frantiq.fr/ark:/26678/pcrt66PQUHwXaw,[],[],"[""skos:Concept""]",false,false positive
dhmultiling,idai-pactols_en-it,matcha-2026.tar.gz,[],[],"[""skos:Concept""]",http://thesauri.dainst.org/_bf70cf38,=,0.7948304265173682,https://ark.frantiq.fr/ark:/26678/pcrtKei7jxhn32,[],[],"[""skos:Concept""]",false,false positive
dhmultiling,idai-pactols_en-it,matcha-2026.tar.gz,[],[],"[""skos:Concept""]",http://thesauri.dainst.org/_7020590d,=,0.9713797534238118,https://ark.frantiq.fr/ark:/26678/pcrt9PJh9aTXv4,[],[],"[""skos:Concept""]",false,false positive
dhmultiling,idai-pactols_en-it,matcha-2026.tar.gz,[],[],"[""skos:Concept""]",http://thesauri.dainst.org/_7a0e2266,=,0.8974936761896731,https://ark.frantiq.fr/ark:/26678/pcrtQY3u48DUrQ,[],[],"[""skos:Concept""]",false,false positive
dhmultiling,idai-pactols_en-it,matcha-2026.tar.gz,[],[],"[""skos:Concept""]",http://thesauri.dainst.org/_08043aa6,=,0.8439173686062497,https://ark.frantiq.fr/ark:/26678/pcrt7UXeYrS8Nb,[],[],"[""skos:Concept""]",false,false positive
dhmultiling,idai-pactols_en-it,matcha-2026.tar.gz,[],[],"[""skos:Concept""]",http://thesauri.dainst.org/_8b38cf01,=,1.0,https://ark.frantiq.fr/ark:/26678/pcrt0Krn6QJlhU,[],[],"[""skos:Concept""]",true,true positive
dhmultiling,idai-pactols_en-it,matcha-2026.tar.gz,[],[],"[""skos:Concept""]",http://thesauri.dainst.org/_374616c5,=,0.8610111867013026,https://ark.frantiq.fr/ark:/26678/pcrtJUwAaZ7Nz9,[],[],"[""skos:Concept""]",false,false positive
dhmultiling,idai-pactols_en-it,matcha-2026.tar.gz,[],[],"[""skos:Concept""]",http://thesauri.dainst.org/_e57135bf,=,0.8718923012959455,https://ark.frantiq.fr/ark:/26678/pcrtWouRhFysgx,[],[],"[""skos:Concept""]",false,false positive
dhmultiling,idai-pactols_de-it,tim-2026.tar.gz,[],[],"[""skos:Concept""]",http://thesauri.dainst.org/_f09b41b4,=,0.0,https://ark.frantiq.fr/ark:/26678/pcrt0Krn6QJlhU,[],[],"[""skos:Concept""]",true,false negative
dhmultiling,idai-pactols_de-it,tim-2026.tar.gz,[],[],"[""skos:Concept""]",http://thesauri.dainst.org/_af2f2dad,=,0.0,https://ark.frantiq.fr/ark:/26678/pcrtVgXu5JJGUg,[],[],"[""skos:Concept""]",true,false negative
dhmultiling,idai-pactols_de-it,tim-2026.tar.gz,[],[],"[""skos:Concept""]",http://thesauri.dainst.org/_dafb0ad8,=,0.0,https://ark.frantiq.fr/ark:/26678/pcrtfOjLfceAZ0,[],[],"[""skos:Concept""]",true,false negative
dhmultiling,idai-pactols_de-it,tim-2026.tar.gz,[],[],"[""skos:Concept""]",http://thesauri.dainst.org/_bd4d65a8,=,0.0,https://ark.frantiq.fr/ark:/26678/pcrtgWbicZTgZe,[],[],"[""skos:Concept""]",true,false negative
dhmultiling,idai-pactols_de-it,tim-2026.tar.gz,[],[],"[""skos:Concept""]",http://thesauri.dainst.org/_49517e78,=,0.0,https://ark.frantiq.fr/ark:/26678/pcrt36pke8yWxW,[],[],"[""skos:Concept""]",true,false negative
dhmultiling,idai-pactols_de-it,tim-2026.tar.gz,[],[],"[""skos:Concept""]",http://thesauri.dainst.org/_49462e56,=,0.0,https://ark.frantiq.fr/ark:/26678/pcrtVmQTWhdSkJ,[],[],"[""skos:Concept""]",true,false negative
dhmultiling,idai-pactols_de-it,tim-2026.tar.gz,[],[],"[""skos:Concept""]",http://thesauri.dainst.org/_1adf0150,=,0.0,https://ark.frantiq.fr/ark:/26678/pcrtpbgzj4c0da,[],[],"[""skos:Concept""]",true,false negative
dhmultiling,idai-pactols_de-it,tim-2026.tar.gz,[],[],"[""skos:Concept""]",http://thesauri.dainst.org/_2c06eae5,=,0.0,https://ark.frantiq.fr/ark:/26678/pcrtJUwAaZ7Nz9,[],[],"[""skos:Concept""]",true,false negative
dhmultiling,idai-pactols_de-it,tim-2026.tar.gz,[],[],"[""skos:Concept""]",http://thesauri.dainst.org/_a9e10cab,=,0.0,https://ark.frantiq.fr/ark:/26678/pcrtp5Wcpmp9I3,[],[],"[""skos:Concept""]",true,false negative
dhmultiling,idai-pactols_de-it,tim-2026.tar.gz,[],[],"[""skos:Concept""]",http://thesauri.dainst.org/_c40b4a1d,=,0.0,https://ark.frantiq.fr/ark:/26678/pcrtrMvNrtSOHs,[],[],"[""skos:Concept""]",true,false negative
dhmultiling,idai-pactols_de-it,tim-2026.tar.gz,[],[],"[""skos:Concept""]",http://thesauri.dainst.org/_68e1bd31,=,0.0,https://ark.frantiq.fr/ark:/26678/pcrt1FD59O4eTz,[],[],"[""skos:Concept""]",true,false negative
dhmultiling,idai-pactols_de-it,tim-2026.tar.gz,[],[],"[""skos:Concept""]",http://thesauri.dainst.org/_3ec72d64,=,0.0,https://ark.frantiq.fr/ark:/26678/pcrt7UXeYrS8Nb,[],[],"[""skos:Concept""]",true,false negative
dhmultiling,idai-pactols_de-it,tim-2026.tar.gz,[],[],[],http://thesauri.dainst.org/schema#memberOf,=,1.0,http://purl.org/umu/uneskos#memberOf,[],[],[],false,false positive
dhmultiling,idai-pactols_de-it,tim-2026.tar.gz,"[""Concept""]",[],"[""owl:Class""]",http://www.w3.org/2004/02/skos/core#Concept,=,1.0,http://www.w3.org/2004/02/skos/core#Concept,"[""Concept""]",[],"[""owl:Class""]",false,false positive
dhmultiling,idai-pactols_de-it,tim-2026.tar.gz,[],[],"[""skos:Concept""]",http://thesauri.dainst.org/_d3b9f438,=,0.0,https://ark.frantiq.fr/ark:/26678/pcrtKZYwYOkWlK,[],[],"[""skos:Concept""]",true,false negative
dhmultiling,idai-pactols_de-it,tim-2026.tar.gz,[],[],"[""skos:Concept""]",http://thesauri.dainst.org/_4688b7a6,=,0.0,https://ark.frantiq.fr/ark:/26678/pcrtF9P4mbuyGk,[],[],"[""skos:Concept""]",true,false negative
dhmultiling,idai-pactols_de-it,tim-2026.tar.gz,[],[],"[""skos:Concept""]",http://thesauri.dainst.org/_d321ff61,=,0.0,https://ark.frantiq.fr/ark:/26678/pcrtgWbicZTgZe,[],[],"[""skos:Concept""]",true,false negative
dhmultiling,idai-pactols_de-it,tim-2026.tar.gz,[],[],"[""skos:Concept""]",http://thesauri.dainst.org/_8b38cf01,=,0.0,https://ark.frantiq.fr/ark:/26678/pcrt0Krn6QJlhU,[],[],"[""skos:Concept""]",true,false negative
dhmultiling,idai-pactols_de-it,tim-2026.tar.gz,[],[],"[""skos:Concept""]",http://thesauri.dainst.org/_b02158bd,=,0.0,https://ark.frantiq.fr/ark:/26678/pcrtJUwAaZ7Nz9,[],[],"[""skos:Concept""]",true,false negative
dhmultiling,idai-pactols_de-fr,lsmatch-2026.tar.gz,[],[],"[""skos:Concept""]",http://thesauri.dainst.org/_f09b41b4,=,0.0,https://ark.frantiq.fr/ark:/26678/pcrt0Krn6QJlhU,[],[],"[""skos:Concept""]",true,false negative
dhmultiling,idai-pactols_de-fr,lsmatch-2026.tar.gz,[],[],"[""skos:Concept""]",http://thesauri.dainst.org/_af2f2dad,=,0.0,https://ark.frantiq.fr/ark:/26678/pcrtVgXu5JJGUg,[],[],"[""skos:Concept""]",true,false negative
dhmultiling,idai-pactols_de-fr,lsmatch-2026.tar.gz,[],[],"[""skos:Concept""]",http://thesauri.dainst.org/_dafb0ad8,=,0.0,https://ark.frantiq.fr/ark:/26678/pcrtfOjLfceAZ0,[],[],"[""skos:Concept""]",true,false negative
dhmultiling,idai-pactols_de-fr,lsmatch-2026.tar.gz,[],[],"[""skos:Concept""]",http://thesauri.dainst.org/_bd4d65a8,=,0.0,https://ark.frantiq.fr/ark:/26678/pcrtgWbicZTgZe,[],[],"[""skos:Concept""]",true,false negative
dhmultiling,idai-pactols_de-fr,lsmatch-2026.tar.gz,[],[],"[""skos:Concept""]",http://thesauri.dainst.org/_49517e78,=,0.0,https://ark.frantiq.fr/ark:/26678/pcrt36pke8yWxW,[],[],"[""skos:Concept""]",true,false negative
dhmultiling,idai-pactols_de-fr,lsmatch-2026.tar.gz,[],[],"[""skos:Concept""]",http://thesauri.dainst.org/_49462e56,=,0.0,https://ark.frantiq.fr/ark:/26678/pcrtVmQTWhdSkJ,[],[],"[""skos:Concept""]",true,false negative
dhmultiling,idai-pactols_de-fr,lsmatch-2026.tar.gz,[],[],"[""skos:Concept""]",http://thesauri.dainst.org/_1adf0150,=,0.0,https://ark.frantiq.fr/ark:/26678/pcrtpbgzj4c0da,[],[],"[""skos:Concept""]",true,false negative
dhmultiling,idai-pactols_de-fr,lsmatch-2026.tar.gz,[],[],"[""skos:Concept""]",http://thesauri.dainst.org/_2c06eae5,=,0.0,https://ark.frantiq.fr/ark:/26678/pcrtJUwAaZ7Nz9,[],[],"[""skos:Concept""]",true,false negative
dhmultiling,idai-pactols_de-fr,lsmatch-2026.tar.gz,[],[],"[""skos:Concept""]",http://thesauri.dainst.org/_a9e10cab,=,0.0,https://ark.frantiq.fr/ark:/26678/pcrtp5Wcpmp9I3,[],[],"[""skos:Concept""]",true,false negative
dhmultiling,idai-pactols_de-fr,lsmatch-2026.tar.gz,[],[],"[""skos:Concept""]",http://thesauri.dainst.org/_c40b4a1d,=,0.0,https://ark.frantiq.fr/ark:/26678/pcrtrMvNrtSOHs,[],[],"[""skos:Concept""]",true,false negative
dhmultiling,idai-pactols_de-fr,lsmatch-2026.tar.gz,[],[],"[""skos:Concept""]",http://thesauri.dainst.org/_68e1bd31,=,0.0,https://ark.frantiq.fr/ark:/26678/pcrt1FD59O4eTz,[],[],"[""skos:Concept""]",true,false negative
dhmultiling,idai-pactols_de-fr,lsmatch-2026.tar.gz,[],[],"[""skos:Concept""]",http://thesauri.dainst.org/_3ec72d64,=,0.0,https://ark.frantiq.fr/ark:/26678/pcrt7UXeYrS8Nb,[],[],"[""skos:Concept""]",true,false negative
dhmultiling,idai-pactols_de-fr,lsmatch-2026.tar.gz,"[""Concept""]",[],"[""owl:Class""]",http://www.w3.org/2004/02/skos/core#Concept,=,1.0,http://www.w3.org/2004/02/skos/core#Concept,"[""Concept""]",[],"[""owl:Class""]",false,false positive
dhmultiling,idai-pactols_de-fr,lsmatch-2026.tar.gz,[],[],"[""skos:Concept""]",http://thesauri.dainst.org/_d3b9f438,=,0.0,https://ark.frantiq.fr/ark:/26678/pcrtKZYwYOkWlK,[],[],"[""skos:Concept""]",true,false negative
dhmultiling,idai-pactols_de-fr,lsmatch-2026.tar.gz,[],[],"[""skos:Concept""]",http://thesauri.dainst.org/_4688b7a6,=,0.0,https://ark.frantiq.fr/ark:/26678/pcrtF9P4mbuyGk,[],[],"[""skos:Concept""]",true,false negative
dhmultiling,idai-pactols_de-fr,lsmatch-2026.tar.gz,[],[],"[""skos:Concept""]",http://thesauri.dainst.org/_d321ff61,=,0.0,https://ark.frantiq.fr/ark:/26678/pcrtgWbicZTgZe,[],[],"[""skos:Concept""]",true,false negative
dhmultiling,idai-pactols_de-fr,lsmatch-2026.tar.gz,[],[],"[""skos:Concept""]",http://thesauri.dainst.org/_8b38cf01,=,0.0,https://ark.frantiq.fr/ark:/26678/pcrt0Krn6QJlhU,[],[],"[""skos:Concept""]",true,false negative
dhmultiling,idai-pactols_de-fr,lsmatch-2026.tar.gz,[],[],"[""skos:Concept""]",http://thesauri.dainst.org/_b02158bd,=,0.0,https://ark.frantiq.fr/ark:/26678/pcrtJUwAaZ7Nz9,[],[],"[""skos:Concept""]",true,false negative
dhmultiling,idai-pactols_en-en,matcha-2026.tar.gz,[],[],"[""skos:Concept""]",http://thesauri.dainst.org/_2c06eae5,=,0.0,https://ark.frantiq.fr/ark:/26678/pcrtJUwAaZ7Nz9,[],[],"[""skos:Concept""]",true,false negative
dhmultiling,idai-pactols_en-en,matcha-2026.tar.gz,[],[],"[""skos:Concept""]",http://thesauri.dainst.org/_c40b4a1d,=,0.0,https://ark.frantiq.fr/ark:/26678/pcrtrMvNrtSOHs,[],[],"[""skos:Concept""]",true,false negative
dhmultiling,idai-pactols_en-en,matcha-2026.tar.gz,[],[],"[""skos:Concept""]",http://thesauri.dainst.org/_7020590d,=,0.8835999999999999,https://ark.frantiq.fr/ark:/26678/pcrt9PJh9aTXv4,[],[],"[""skos:Concept""]",false,false positive
dhmultiling,idai-pactols_en-en,matcha-2026.tar.gz,[],[],"[""skos:Concept""]",http://thesauri.dainst.org/_4688b7a6,=,0.8835999999999999,https://ark.frantiq.fr/ark:/26678/pcrtF9P4mbuyGk,[],[],"[""skos:Concept""]",true,true positive
dhmultiling,idai-pactols_en-en,matcha-2026.tar.gz,[],[],"[""skos:Concept""]",http://thesauri.dainst.org/_bd4d65a8,=,0.0,https://ark.frantiq.fr/ark:/26678/pcrtgWbicZTgZe,[],[],"[""skos:Concept""]",true,false negative
dhmultiling,idai-pactols_en-en,matcha-2026.tar.gz,[],[],"[""skos:Concept""]",http://thesauri.dainst.org/_8b38cf01,=,0.8835999999999999,https://ark.frantiq.fr/ark:/26678/pcrt0Krn6QJlhU,[],[],"[""skos:Concept""]",true,true positive
dhmultiling,idai-pactols_en-en,matcha-2026.tar.gz,[],[],"[""skos:Concept""]",http://thesauri.dainst.org/_b02158bd,=,0.8835999999999999,https://ark.frantiq.fr/ark:/26678/pcrtJUwAaZ7Nz9,[],[],"[""skos:Concept""]",true,true positive
dhmultiling,idai-pactols_fr-it,lsmatch-multilingual-2026.tar.gz,[],[],"[""skos:Concept""]",http://thesauri.dainst.org/_2c06eae5,=,0.0,https://ark.frantiq.fr/ark:/26678/pcrtJUwAaZ7Nz9,[],[],"[""skos:Concept""]",true,false negative
dhmultiling,idai-pactols_fr-it,lsmatch-multilingual-2026.tar.gz,[],[],"[""skos:Concept""]",http://thesauri.dainst.org/_c40b4a1d,=,0.0,https://ark.frantiq.fr/ark:/26678/pcrtrMvNrtSOHs,[],[],"[""skos:Concept""]",true,false negative
dhmultiling,idai-pactols_fr-it,lsmatch-multilingual-2026.tar.gz,"[""Concept""]",[],"[""owl:Class""]",http://www.w3.org/2004/02/skos/core#Concept,=,1.0,http://www.w3.org/2004/02/skos/core#Concept,"[""Concept""]",[],"[""owl:Class""]",false,false positive
dhmultiling,idai-pactols_fr-it,lsmatch-multilingual-2026.tar.gz,[],[],"[""skos:Concept""]",http://thesauri.dainst.org/_4688b7a6,=,0.0,https://ark.frantiq.fr/ark:/26678/pcrtF9P4mbuyGk,[],[],"[""skos:Concept""]",true,false negative
dhmultiling,idai-pactols_fr-it,lsmatch-multilingual-2026.tar.gz,[],[],"[""skos:Concept""]",http://thesauri.dainst.org/_b02158bd,=,0.0,https://ark.frantiq.fr/ark:/26678/pcrtJUwAaZ7Nz9,[],[],"[""skos:Concept""]",true,false negative
dhmultiling,idai-pactols_de-en,logmap-bio-2026.tar.gz,[],[],"[""skos:Concept""]",http://thesauri.dainst.org/_f09b41b4,=,0.0,https://ark.frantiq.fr/ark:/26678/pcrt0Krn6QJlhU,[],[],"[""skos:Concept""]",true,false negative
dhmultiling,idai-pactols_de-en,logmap-bio-2026.tar.gz,[],[],"[""skos:Concept""]",http://thesauri.dainst.org/_af2f2dad,=,0.0,https://ark.frantiq.fr/ark:/26678/pcrtVgXu5JJGUg,[],[],"[""skos:Concept""]",true,false negative
dhmultiling,idai-pactols_de-en,logmap-bio-2026.tar.gz,[],[],"[""skos:Concept""]",http://thesauri.dainst.org/_dafb0ad8,=,0.0,https://ark.frantiq.fr/ark:/26678/pcrtfOjLfceAZ0,[],[],"[""skos:Concept""]",true,false negative
dhmultiling,idai-pactols_de-en,logmap-bio-2026.tar.gz,[],[],"[""skos:Concept""]",http://thesauri.dainst.org/_bd4d65a8,=,0.0,https://ark.frantiq.fr/ark:/26678/pcrtgWbicZTgZe,[],[],"[""skos:Concept""]",true,false negative
dhmultiling,idai-pactols_de-en,logmap-bio-2026.tar.gz,[],[],"[""skos:Concept""]",http://thesauri.dainst.org/_49517e78,=,0.0,https://ark.frantiq.fr/ark:/26678/pcrt36pke8yWxW,[],[],"[""skos:Concept""]",true,false negative
dhmultiling,idai-pactols_de-en,logmap-bio-2026.tar.gz,[],[],"[""skos:Concept""]",http://thesauri.dainst.org/_49462e56,=,0.0,https://ark.frantiq.fr/ark:/26678/pcrtVmQTWhdSkJ,[],[],"[""skos:Concept""]",true,false negative
dhmultiling,idai-pactols_de-en,logmap-bio-2026.tar.gz,[],[],"[""skos:Concept""]",http://thesauri.dainst.org/_1adf0150,=,0.0,https://ark.frantiq.fr/ark:/26678/pcrtpbgzj4c0da,[],[],"[""skos:Concept""]",true,false negative
dhmultiling,idai-pactols_de-en,logmap-bio-2026.tar.gz,[],[],"[""skos:Concept""]",http://thesauri.dainst.org/_2c06eae5,=,0.0,https://ark.frantiq.fr/ark:/26678/pcrtJUwAaZ7Nz9,[],[],"[""skos:Concept""]",true,false negative
dhmultiling,idai-pactols_de-en,logmap-bio-2026.tar.gz,[],[],"[""skos:Concept""]",http://thesauri.dainst.org/_a9e10cab,=,0.0,https://ark.frantiq.fr/ark:/26678/pcrtp5Wcpmp9I3,[],[],"[""skos:Concept""]",true,false negative
dhmultiling,idai-pactols_de-en,logmap-bio-2026.tar.gz,[],[],"[""skos:Concept""]",http://thesauri.dainst.org/_c40b4a1d,=,0.0,https://ark.frantiq.fr/ark:/26678/pcrtrMvNrtSOHs,[],[],"[""skos:Concept""]",true,false negative
dhmultiling,idai-pactols_de-en,logmap-bio-2026.tar.gz,[],[],"[""skos:Concept""]",http://thesauri.dainst.org/_68e1bd31,=,0.0,https://ark.frantiq.fr/ark:/26678/pcrt1FD59O4eTz,[],[],"[""skos:Concept""]",true,false negative
dhmultiling,idai-pactols_de-en,logmap-bio-2026.tar.gz,[],[],"[""skos:Concept""]",http://thesauri.dainst.org/_3ec72d64,=,0.0,https://ark.frantiq.fr/ark:/26678/pcrt7UXeYrS8Nb,[],[],"[""skos:Concept""]",true,false negative
dhmultiling,idai-pactols_de-en,logmap-bio-2026.tar.gz,[],[],[],http://thesauri.dainst.org/schema#memberOf,=,1.0,http://purl.org/umu/uneskos#memberOf,[],[],[],false,false positive
dhmultiling,idai-pactols_de-en,logmap-bio-2026.tar.gz,[],[],"[""skos:Concept""]",http://thesauri.dainst.org/_d3b9f438,=,0.0,https://ark.frantiq.fr/ark:/26678/pcrtKZYwYOkWlK,[],[],"[""skos:Concept""]",true,false negative
dhmultiling,idai-pactols_de-en,logmap-bio-2026.tar.gz,[],[],"[""skos:Concept""]",http://thesauri.dainst.org/_4688b7a6,=,0.0,https://ark.frantiq.fr/ark:/26678/pcrtF9P4mbuyGk,[],[],"[""skos:Concept""]",true,false negative
dhmultiling,idai-pactols_de-en,logmap-bio-2026.tar.gz,[],[],"[""skos:Concept""]",http://thesauri.dainst.org/_d321ff61,=,0.0,https://ark.frantiq.fr/ark:/26678/pcrtgWbicZTgZe,[],[],"[""skos:Concept""]",true,false negative
dhmultiling,idai-pactols_de-en,logmap-bio-2026.tar.gz,[],[],"[""skos:Concept""]",http://thesauri.dainst.org/_8b38cf01,=,0.0,https://ark.frantiq.fr/ark:/26678/pcrt0Krn6QJlhU,[],[],"[""skos:Concept""]",true,false negative
dhmultiling,idai-pactols_de-en,logmap-bio-2026.tar.gz,[],[],"[""skos:Concept""]",http://thesauri.dainst.org/_b02158bd,=,0.0,https://ark.frantiq.fr/ark:/26678/pcrtJUwAaZ7Nz9,[],[],"[""skos:Concept""]",true,false negative
dhmultiling,idai-pactols_de-de,lsmatch-2026.tar.gz,[],[],"[""skos:Concept""]",http://thesauri.dainst.org/_f09b41b4,=,0.0,https://ark.frantiq.fr/ark:/26678/pcrt0Krn6QJlhU,[],[],"[""skos:Concept""]",true,false negative
dhmultiling,idai-pactols_de-de,lsmatch-2026.tar.gz,[],[],"[""skos:Concept""]",http://thesauri.dainst.org/_af2f2dad,=,0.0,https://ark.frantiq.fr/ark:/26678/pcrtVgXu5JJGUg,[],[],"[""skos:Concept""]",true,false negative
dhmultiling,idai-pactols_de-de,lsmatch-2026.tar.gz,[],[],"[""skos:Concept""]",http://thesauri.dainst.org/_dafb0ad8,=,0.0,https://ark.frantiq.fr/ark:/26678/pcrtfOjLfceAZ0,[],[],"[""skos:Concept""]",true,false negative
dhmultiling,idai-pactols_de-de,lsmatch-2026.tar.gz,[],[],"[""skos:Concept""]",http://thesauri.dainst.org/_bd4d65a8,=,0.0,https://ark.frantiq.fr/ark:/26678/pcrtgWbicZTgZe,[],[],"[""skos:Concept""]",true,false negative
dhmultiling,idai-pactols_de-de,lsmatch-2026.tar.gz,[],[],"[""skos:Concept""]",http://thesauri.dainst.org/_49517e78,=,0.0,https://ark.frantiq.fr/ark:/26678/pcrt36pke8yWxW,[],[],"[""skos:Concept""]",true,false negative
dhmultiling,idai-pactols_de-de,lsmatch-2026.tar.gz,[],[],"[""skos:Concept""]",http://thesauri.dainst.org/_49462e56,=,0.0,https://ark.frantiq.fr/ark:/26678/pcrtVmQTWhdSkJ,[],[],"[""skos:Concept""]",true,false negative
dhmultiling,idai-pactols_de-de,lsmatch-2026.tar.gz,[],[],"[""skos:Concept""]",http://thesauri.dainst.org/_1adf0150,=,0.0,https://ark.frantiq.fr/ark:/26678/pcrtpbgzj4c0da,[],[],"[""skos:Concept""]",true,false negative
dhmultiling,idai-pactols_de-de,lsmatch-2026.tar.gz,[],[],"[""skos:Concept""]",http://thesauri.dainst.org/_2c06eae5,=,0.0,https://ark.frantiq.fr/ark:/26678/pcrtJUwAaZ7Nz9,[],[],"[""skos:Concept""]",true,false negative
dhmultiling,idai-pactols_de-de,lsmatch-2026.tar.gz,[],[],"[""skos:Concept""]",http://thesauri.dainst.org/_a9e10cab,=,0.0,https://ark.frantiq.fr/ark:/26678/pcrtp5Wcpmp9I3,[],[],"[""skos:Concept""]",true,false negative
dhmultiling,idai-pactols_de-de,lsmatch-2026.tar.gz,[],[],"[""skos:Concept""]",http://thesauri.dainst.org/_c40b4a1d,=,0.0,https://ark.frantiq.fr/ark:/26678/pcrtrMvNrtSOHs,[],[],"[""skos:Concept""]",true,false negative
dhmultiling,idai-pactols_de-de,lsmatch-2026.tar.gz,[],[],"[""skos:Concept""]",http://thesauri.dainst.org/_68e1bd31,=,0.0,https://ark.frantiq.fr/ark:/26678/pcrt1FD59O4eTz,[],[],"[""skos:Concept""]",true,false negative
dhmultiling,idai-pactols_de-de,lsmatch-2026.tar.gz,[],[],"[""skos:Concept""]",http://thesauri.dainst.org/_3ec72d64,=,0.0,https://ark.frantiq.fr/ark:/26678/pcrt7UXeYrS8Nb,[],[],"[""skos:Concept""]",true,false negative
dhmultiling,idai-pactols_de-de,lsmatch-2026.tar.gz,"[""Concept""]",[],"[""owl:Class""]",http://www.w3.org/2004/02/skos/core#Concept,=,1.0,http://www.w3.org/2004/02/skos/core#Concept,"[""Concept""]",[],"[""owl:Class""]",false,false positive
dhmultiling,idai-pactols_de-de,lsmatch-2026.tar.gz,[],[],"[""skos:Concept""]",http://thesauri.dainst.org/_d3b9f438,=,0.0,https://ark.frantiq.fr/ark:/26678/pcrtKZYwYOkWlK,[],[],"[""skos:Concept""]",true,false negative
dhmultiling,idai-pactols_de-de,lsmatch-2026.tar.gz,[],[],"[""skos:Concept""]",http://thesauri.dainst.org/_4688b7a6,=,0.0,https://ark.frantiq.fr/ark:/26678/pcrtF9P4mbuyGk,[],[],"[""skos:Concept""]",true,false negative
dhmultiling,idai-pactols_de-de,lsmatch-2026.tar.gz,[],[],"[""skos:Concept""]",http://thesauri.dainst.org/_d321ff61,=,0.0,https://ark.frantiq.fr/ark:/26678/pcrtgWbicZTgZe,[],[],"[""skos:Concept""]",true,false negative
dhmultiling,idai-pactols_de-de,lsmatch-2026.tar.gz,[],[],"[""skos:Concept""]",http://thesauri.dainst.org/_8b38cf01,=,0.0,https://ark.frantiq.fr/ark:/26678/pcrt0Krn6QJlhU,[],[],"[""skos:Concept""]",true,false negative
dhmultiling,idai-pactols_de-de,lsmatch-2026.tar.gz,[],[],"[""skos:Concept""]",http://thesauri.dainst.org/_b02158bd,=,0.0,https://ark.frantiq.fr/ark:/26678/pcrtJUwAaZ7Nz9,[],[],"[""skos:Concept""]",true,false negative
dhmultiling,idai-pactols_fr-it,logmap-2026.tar.gz,[],[],"[""skos:Concept""]",http://thesauri.dainst.org/_2c06eae5,=,0.0,https://ark.frantiq.fr/ark:/26678/pcrtJUwAaZ7Nz9,[],[],"[""skos:Concept""]",true,false negative
dhmultiling,idai-pactols_fr-it,logmap-2026.tar.gz,[],[],"[""skos:Concept""]",http://thesauri.dainst.org/_c40b4a1d,=,0.0,https://ark.frantiq.fr/ark:/26678/pcrtrMvNrtSOHs,[],[],"[""skos:Concept""]",true,false negative
dhmultiling,idai-pactols_fr-it,logmap-2026.tar.gz,[],[],[],http://thesauri.dainst.org/schema#memberOf,=,1.0,http://purl.org/umu/uneskos#memberOf,[],[],[],false,false positive
dhmultiling,idai-pactols_fr-it,logmap-2026.tar.gz,[],[],"[""skos:Concept""]",http://thesauri.dainst.org/_4688b7a6,=,0.0,https://ark.frantiq.fr/ark:/26678/pcrtF9P4mbuyGk,[],[],"[""skos:Concept""]",true,false negative
dhmultiling,idai-pactols_fr-it,logmap-2026.tar.gz,[],[],"[""skos:Concept""]",http://thesauri.dainst.org/_b02158bd,=,0.0,https://ark.frantiq.fr/ark:/26678/pcrtJUwAaZ7Nz9,[],[],"[""skos:Concept""]",true,false negative
dhmultiling,idai-pactols_en-it,logmap-lite-2026.tar.gz,[],[],"[""skos:Concept""]",http://thesauri.dainst.org/_2c06eae5,=,0.0,https://ark.frantiq.fr/ark:/26678/pcrtJUwAaZ7Nz9,[],[],"[""skos:Concept""]",true,false negative
dhmultiling,idai-pactols_en-it,logmap-lite-2026.tar.gz,[],[],"[""skos:Concept""]",http://thesauri.dainst.org/_c40b4a1d,=,0.0,https://ark.frantiq.fr/ark:/26678/pcrtrMvNrtSOHs,[],[],"[""skos:Concept""]",true,false negative
dhmultiling,idai-pactols_en-it,logmap-lite-2026.tar.gz,"[""Concept""]",[],"[""owl:Class""]",http://www.w3.org/2004/02/skos/core#Concept,=,1.0,http://www.w3.org/2004/02/skos/core#Concept,"[""Concept""]",[],"[""owl:Class""]",false,false positive
dhmultiling,idai-pactols_en-it,logmap-lite-2026.tar.gz,[],[],"[""skos:Concept""]",http://thesauri.dainst.org/_bd4d65a8,=,0.0,https://ark.frantiq.fr/ark:/26678/pcrtgWbicZTgZe,[],[],"[""skos:Concept""]",true,false negative
dhmultiling,idai-pactols_en-it,logmap-lite-2026.tar.gz,[],[],"[""skos:Concept""]",http://thesauri.dainst.org/_4688b7a6,=,0.0,https://ark.frantiq.fr/ark:/26678/pcrtF9P4mbuyGk,[],[],"[""skos:Concept""]",true,false negative
dhmultiling,idai-pactols_en-it,logmap-lite-2026.tar.gz,[],[],"[""skos:Concept""]",http://thesauri.dainst.org/_8b38cf01,=,0.0,https://ark.frantiq.fr/ark:/26678/pcrt0Krn6QJlhU,[],[],"[""skos:Concept""]",true,false negative
dhmultiling,idai-pactols_en-it,logmap-lite-2026.tar.gz,[],[],"[""skos:Concept""]",http://thesauri.dainst.org/_b02158bd,=,0.0,https://ark.frantiq.fr/ark:/26678/pcrtJUwAaZ7Nz9,[],[],"[""skos:Concept""]",true,false negative
dhmultiling,idai-pactols_en-en,logmap-bio-2026.tar.gz,[],[],"[""skos:Concept""]",http://thesauri.dainst.org/_2c06eae5,=,0.0,https://ark.frantiq.fr/ark:/26678/pcrtJUwAaZ7Nz9,[],[],"[""skos:Concept""]",true,false negative
dhmultiling,idai-pactols_en-en,logmap-bio-2026.tar.gz,[],[],"[""skos:Concept""]",http://thesauri.dainst.org/_c40b4a1d,=,0.0,https://ark.frantiq.fr/ark:/26678/pcrtrMvNrtSOHs,[],[],"[""skos:Concept""]",true,false negative
dhmultiling,idai-pactols_en-en,logmap-bio-2026.tar.gz,[],[],[],http://thesauri.dainst.org/schema#memberOf,=,1.0,http://purl.org/umu/uneskos#memberOf,[],[],[],false,false positive
dhmultiling,idai-pactols_en-en,logmap-bio-2026.tar.gz,[],[],"[""skos:Concept""]",http://thesauri.dainst.org/_bd4d65a8,=,0.0,https://ark.frantiq.fr/ark:/26678/pcrtgWbicZTgZe,[],[],"[""skos:Concept""]",true,false negative
dhmultiling,idai-pactols_en-en,logmap-bio-2026.tar.gz,[],[],"[""skos:Concept""]",http://thesauri.dainst.org/_4688b7a6,=,0.0,https://ark.frantiq.fr/ark:/26678/pcrtF9P4mbuyGk,[],[],"[""skos:Concept""]",true,false negative
dhmultiling,idai-pactols_en-en,logmap-bio-2026.tar.gz,[],[],"[""skos:Concept""]",http://thesauri.dainst.org/_8b38cf01,=,0.0,https://ark.frantiq.fr/ark:/26678/pcrt0Krn6QJlhU,[],[],"[""skos:Concept""]",true,false negative
dhmultiling,idai-pactols_en-en,logmap-bio-2026.tar.gz,[],[],"[""skos:Concept""]",http://thesauri.dainst.org/_b02158bd,=,0.0,https://ark.frantiq.fr/ark:/26678/pcrtJUwAaZ7Nz9,[],[],"[""skos:Concept""]",true,false negative
dhmultiling,idai-pactols_de-it,logmap-bio-2026.tar.gz,[],[],"[""skos:Concept""]",http://thesauri.dainst.org/_f09b41b4,=,0.0,https://ark.frantiq.fr/ark:/26678/pcrt0Krn6QJlhU,[],[],"[""skos:Concept""]",true,false negative
dhmultiling,idai-pactols_de-it,logmap-bio-2026.tar.gz,[],[],"[""skos:Concept""]",http://thesauri.dainst.org/_af2f2dad,=,0.0,https://ark.frantiq.fr/ark:/26678/pcrtVgXu5JJGUg,[],[],"[""skos:Concept""]",true,false negative
dhmultiling,idai-pactols_de-it,logmap-bio-2026.tar.gz,[],[],"[""skos:Concept""]",http://thesauri.dainst.org/_dafb0ad8,=,0.0,https://ark.frantiq.fr/ark:/26678/pcrtfOjLfceAZ0,[],[],"[""skos:Concept""]",true,false negative
dhmultiling,idai-pactols_de-it,logmap-bio-2026.tar.gz,[],[],"[""skos:Concept""]",http://thesauri.dainst.org/_bd4d65a8,=,0.0,https://ark.frantiq.fr/ark:/26678/pcrtgWbicZTgZe,[],[],"[""skos:Concept""]",true,false negative
dhmultiling,idai-pactols_de-it,logmap-bio-2026.tar.gz,[],[],"[""skos:Concept""]",http://thesauri.dainst.org/_49517e78,=,0.0,https://ark.frantiq.fr/ark:/26678/pcrt36pke8yWxW,[],[],"[""skos:Concept""]",true,false negative
dhmultiling,idai-pactols_de-it,logmap-bio-2026.tar.gz,[],[],"[""skos:Concept""]",http://thesauri.dainst.org/_49462e56,=,0.0,https://ark.frantiq.fr/ark:/26678/pcrtVmQTWhdSkJ,[],[],"[""skos:Concept""]",true,false negative
dhmultiling,idai-pactols_de-it,logmap-bio-2026.tar.gz,[],[],"[""skos:Concept""]",http://thesauri.dainst.org/_1adf0150,=,0.0,https://ark.frantiq.fr/ark:/26678/pcrtpbgzj4c0da,[],[],"[""skos:Concept""]",true,false negative
dhmultiling,idai-pactols_de-it,logmap-bio-2026.tar.gz,[],[],"[""skos:Concept""]",http://thesauri.dainst.org/_2c06eae5,=,0.0,https://ark.frantiq.fr/ark:/26678/pcrtJUwAaZ7Nz9,[],[],"[""skos:Concept""]",true,false negative
dhmultiling,idai-pactols_de-it,logmap-bio-2026.tar.gz,[],[],"[""skos:Concept""]",http://thesauri.dainst.org/_a9e10cab,=,0.0,https://ark.frantiq.fr/ark:/26678/pcrtp5Wcpmp9I3,[],[],"[""skos:Concept""]",true,false negative
dhmultiling,idai-pactols_de-it,logmap-bio-2026.tar.gz,[],[],"[""skos:Concept""]",http://thesauri.dainst.org/_c40b4a1d,=,0.0,https://ark.frantiq.fr/ark:/26678/pcrtrMvNrtSOHs,[],[],"[""skos:Concept""]",true,false negative
dhmultiling,idai-pactols_de-it,logmap-bio-2026.tar.gz,[],[],"[""skos:Concept""]",http://thesauri.dainst.org/_68e1bd31,=,0.0,https://ark.frantiq.fr/ark:/26678/pcrt1FD59O4eTz,[],[],"[""skos:Concept""]",true,false negative
dhmultiling,idai-pactols_de-it,logmap-bio-2026.tar.gz,[],[],"[""skos:Concept""]",http://thesauri.dainst.org/_3ec72d64,=,0.0,https://ark.frantiq.fr/ark:/26678/pcrt7UXeYrS8Nb,[],[],"[""skos:Concept""]",true,false negative
dhmultiling,idai-pactols_de-it,logmap-bio-2026.tar.gz,[],[],[],http://thesauri.dainst.org/schema#memberOf,=,1.0,http://purl.org/umu/uneskos#memberOf,[],[],[],false,false positive
dhmultiling,idai-pactols_de-it,logmap-bio-2026.tar.gz,[],[],"[""skos:Concept""]",http://thesauri.dainst.org/_d3b9f438,=,0.0,https://ark.frantiq.fr/ark:/26678/pcrtKZYwYOkWlK,[],[],"[""skos:Concept""]",true,false negative
dhmultiling,idai-pactols_de-it,logmap-bio-2026.tar.gz,[],[],"[""skos:Concept""]",http://thesauri.dainst.org/_4688b7a6,=,0.0,https://ark.frantiq.fr/ark:/26678/pcrtF9P4mbuyGk,[],[],"[""skos:Concept""]",true,false negative
dhmultiling,idai-pactols_de-it,logmap-bio-2026.tar.gz,[],[],"[""skos:Concept""]",http://thesauri.dainst.org/_d321ff61,=,0.0,https://ark.frantiq.fr/ark:/26678/pcrtgWbicZTgZe,[],[],"[""skos:Concept""]",true,false negative
dhmultiling,idai-pactols_de-it,logmap-bio-2026.tar.gz,[],[],"[""skos:Concept""]",http://thesauri.dainst.org/_8b38cf01,=,0.0,https://ark.frantiq.fr/ark:/26678/pcrt0Krn6QJlhU,[],[],"[""skos:Concept""]",true,false negative
dhmultiling,idai-pactols_de-it,logmap-bio-2026.tar.gz,[],[],"[""skos:Concept""]",http://thesauri.dainst.org/_b02158bd,=,0.0,https://ark.frantiq.fr/ark:/26678/pcrtJUwAaZ7Nz9,[],[],"[""skos:Concept""]",true,false negative
dhmultiling,idai-pactols_en-en,logmap-lite-2026.tar.gz,[],[],"[""skos:Concept""]",http://thesauri.dainst.org/_2c06eae5,=,0.0,https://ark.frantiq.fr/ark:/26678/pcrtJUwAaZ7Nz9,[],[],"[""skos:Concept""]",true,false negative
dhmultiling,idai-pactols_en-en,logmap-lite-2026.tar.gz,[],[],"[""skos:Concept""]",http://thesauri.dainst.org/_c40b4a1d,=,0.0,https://ark.frantiq.fr/ark:/26678/pcrtrMvNrtSOHs,[],[],"[""skos:Concept""]",true,false negative
dhmultiling,idai-pactols_en-en,logmap-lite-2026.tar.gz,"[""Concept""]",[],"[""owl:Class""]",http://www.w3.org/2004/02/skos/core#Concept,=,1.0,http://www.w3.org/2004/02/skos/core#Concept,"[""Concept""]",[],"[""owl:Class""]",false,false positive
dhmultiling,idai-pactols_en-en,logmap-lite-2026.tar.gz,[],[],"[""skos:Concept""]",http://thesauri.dainst.org/_bd4d65a8,=,0.0,https://ark.frantiq.fr/ark:/26678/pcrtgWbicZTgZe,[],[],"[""skos:Concept""]",true,false negative
dhmultiling,idai-pactols_en-en,logmap-lite-2026.tar.gz,[],[],"[""skos:Concept""]",http://thesauri.dainst.org/_4688b7a6,=,0.0,https://ark.frantiq.fr/ark:/26678/pcrtF9P4mbuyGk,[],[],"[""skos:Concept""]",true,false negative
dhmultiling,idai-pactols_en-en,logmap-lite-2026.tar.gz,[],[],"[""skos:Concept""]",http://thesauri.dainst.org/_8b38cf01,=,0.0,https://ark.frantiq.fr/ark:/26678/pcrt0Krn6QJlhU,[],[],"[""skos:Concept""]",true,false negative
dhmultiling,idai-pactols_en-en,logmap-lite-2026.tar.gz,[],[],"[""skos:Concept""]",http://thesauri.dainst.org/_b02158bd,=,0.0,https://ark.frantiq.fr/ark:/26678/pcrtJUwAaZ7Nz9,[],[],"[""skos:Concept""]",true,false negative
dhmultiling,idai-pactols_it-it,logmap-lite-2026.tar.gz,[],[],"[""skos:Concept""]",http://thesauri.dainst.org/_2c06eae5,=,0.0,https://ark.frantiq.fr/ark:/26678/pcrtJUwAaZ7Nz9,[],[],"[""skos:Concept""]",true,false negative
dhmultiling,idai-pactols_it-it,logmap-lite-2026.tar.gz,[],[],"[""skos:Concept""]",http://thesauri.dainst.org/_c40b4a1d,=,0.0,https://ark.frantiq.fr/ark:/26678/pcrtrMvNrtSOHs,[],[],"[""skos:Concept""]",true,false negative
dhmultiling,idai-pactols_it-it,logmap-lite-2026.tar.gz,"[""Concept""]",[],"[""owl:Class""]",http://www.w3.org/2004/02/skos/core#Concept,=,1.0,http://www.w3.org/2004/02/skos/core#Concept,"[""Concept""]",[],"[""owl:Class""]",false,false positive
dhmultiling,idai-pactols_it-it,logmap-lite-2026.tar.gz,[],[],"[""skos:Concept""]",http://thesauri.dainst.org/_4688b7a6,=,0.0,https://ark.frantiq.fr/ark:/26678/pcrtF9P4mbuyGk,[],[],"[""skos:Concept""]",true,false negative
dhmultiling,idai-pactols_it-it,logmap-lite-2026.tar.gz,[],[],"[""skos:Concept""]",http://thesauri.dainst.org/_b02158bd,=,0.0,https://ark.frantiq.fr/ark:/26678/pcrtJUwAaZ7Nz9,[],[],"[""skos:Concept""]",true,false negative
dhmultiling,idai-pactols_de-de,matcha-2026.tar.gz,[],[],"[""skos:Concept""]",http://thesauri.dainst.org/_f09b41b4,=,0.8835999999999999,https://ark.frantiq.fr/ark:/26678/pcrt0Krn6QJlhU,[],[],"[""skos:Concept""]",true,true positive
dhmultiling,idai-pactols_de-de,matcha-2026.tar.gz,[],[],"[""skos:Concept""]",http://thesauri.dainst.org/_af2f2dad,=,0.0,https://ark.frantiq.fr/ark:/26678/pcrtVgXu5JJGUg,[],[],"[""skos:Concept""]",true,false negative
dhmultiling,idai-pactols_de-de,matcha-2026.tar.gz,[],[],"[""skos:Concept""]",http://thesauri.dainst.org/_dafb0ad8,=,0.0,https://ark.frantiq.fr/ark:/26678/pcrtfOjLfceAZ0,[],[],"[""skos:Concept""]",true,false negative
dhmultiling,idai-pactols_de-de,matcha-2026.tar.gz,[],[],"[""skos:Concept""]",http://thesauri.dainst.org/_bd4d65a8,=,0.0,https://ark.frantiq.fr/ark:/26678/pcrtgWbicZTgZe,[],[],"[""skos:Concept""]",true,false negative
dhmultiling,idai-pactols_de-de,matcha-2026.tar.gz,[],[],"[""skos:Concept""]",http://thesauri.dainst.org/_49517e78,=,0.0,https://ark.frantiq.fr/ark:/26678/pcrt36pke8yWxW,[],[],"[""skos:Concept""]",true,false negative
dhmultiling,idai-pactols_de-de,matcha-2026.tar.gz,[],[],"[""skos:Concept""]",http://thesauri.dainst.org/_49462e56,=,0.0,https://ark.frantiq.fr/ark:/26678/pcrtVmQTWhdSkJ,[],[],"[""skos:Concept""]",true,false negative
dhmultiling,idai-pactols_de-de,matcha-2026.tar.gz,[],[],"[""skos:Concept""]",http://thesauri.dainst.org/_1adf0150,=,0.0,https://ark.frantiq.fr/ark:/26678/pcrtpbgzj4c0da,[],[],"[""skos:Concept""]",true,false negative
dhmultiling,idai-pactols_de-de,matcha-2026.tar.gz,[],[],"[""skos:Concept""]",http://thesauri.dainst.org/_2c06eae5,=,0.0,https://ark.frantiq.fr/ark:/26678/pcrtJUwAaZ7Nz9,[],[],"[""skos:Concept""]",true,false negative
dhmultiling,idai-pactols_de-de,matcha-2026.tar.gz,[],[],"[""skos:Concept""]",http://thesauri.dainst.org/_a9e10cab,=,0.0,https://ark.frantiq.fr/ark:/26678/pcrtp5Wcpmp9I3,[],[],"[""skos:Concept""]",true,false negative
dhmultiling,idai-pactols_de-de,matcha-2026.tar.gz,[],[],"[""skos:Concept""]",http://thesauri.dainst.org/_c40b4a1d,=,0.0,https://ark.frantiq.fr/ark:/26678/pcrtrMvNrtSOHs,[],[],"[""skos:Concept""]",true,false negative
dhmultiling,idai-pactols_de-de,matcha-2026.tar.gz,[],[],"[""skos:Concept""]",http://thesauri.dainst.org/_68e1bd31,=,0.0,https://ark.frantiq.fr/ark:/26678/pcrt1FD59O4eTz,[],[],"[""skos:Concept""]",true,false negative
dhmultiling,idai-pactols_de-de,matcha-2026.tar.gz,[],[],"[""skos:Concept""]",http://thesauri.dainst.org/_3ec72d64,=,0.0,https://ark.frantiq.fr/ark:/26678/pcrt7UXeYrS8Nb,[],[],"[""skos:Concept""]",true,false negative
dhmultiling,idai-pactols_de-de,matcha-2026.tar.gz,[],[],"[""skos:Concept""]",http://thesauri.dainst.org/_d3b9f438,=,0.8835999999999999,https://ark.frantiq.fr/ark:/26678/pcrtKZYwYOkWlK,[],[],"[""skos:Concept""]",true,true positive
dhmultiling,idai-pactols_de-de,matcha-2026.tar.gz,[],[],"[""skos:Concept""]",http://thesauri.dainst.org/_4688b7a6,=,0.0,https://ark.frantiq.fr/ark:/26678/pcrtF9P4mbuyGk,[],[],"[""skos:Concept""]",true,false negative
dhmultiling,idai-pactols_de-de,matcha-2026.tar.gz,[],[],"[""skos:Concept""]",http://thesauri.dainst.org/_d321ff61,=,0.0,https://ark.frantiq.fr/ark:/26678/pcrtgWbicZTgZe,[],[],"[""skos:Concept""]",true,false negative
dhmultiling,idai-pactols_de-de,matcha-2026.tar.gz,[],[],"[""skos:Concept""]",http://thesauri.dainst.org/_8b38cf01,=,0.0,https://ark.frantiq.fr/ark:/26678/pcrt0Krn6QJlhU,[],[],"[""skos:Concept""]",true,false negative
dhmultiling,idai-pactols_de-de,matcha-2026.tar.gz,[],[],"[""skos:Concept""]",http://thesauri.dainst.org/_b02158bd,=,0.0,https://ark.frantiq.fr/ark:/26678/pcrtJUwAaZ7Nz9,[],[],"[""skos:Concept""]",true,false negative
dhmultiling,idai-pactols_de-it,logmap-2026.tar.gz,[],[],"[""skos:Concept""]",http://thesauri.dainst.org/_f09b41b4,=,0.0,https://ark.frantiq.fr/ark:/26678/pcrt0Krn6QJlhU,[],[],"[""skos:Concept""]",true,false negative
dhmultiling,idai-pactols_de-it,logmap-2026.tar.gz,[],[],"[""skos:Concept""]",http://thesauri.dainst.org/_af2f2dad,=,0.0,https://ark.frantiq.fr/ark:/26678/pcrtVgXu5JJGUg,[],[],"[""skos:Concept""]",true,false negative
dhmultiling,idai-pactols_de-it,logmap-2026.tar.gz,[],[],"[""skos:Concept""]",http://thesauri.dainst.org/_dafb0ad8,=,0.0,https://ark.frantiq.fr/ark:/26678/pcrtfOjLfceAZ0,[],[],"[""skos:Concept""]",true,false negative
dhmultiling,idai-pactols_de-it,logmap-2026.tar.gz,[],[],"[""skos:Concept""]",http://thesauri.dainst.org/_bd4d65a8,=,0.0,https://ark.frantiq.fr/ark:/26678/pcrtgWbicZTgZe,[],[],"[""skos:Concept""]",true,false negative
dhmultiling,idai-pactols_de-it,logmap-2026.tar.gz,[],[],"[""skos:Concept""]",http://thesauri.dainst.org/_49517e78,=,0.0,https://ark.frantiq.fr/ark:/26678/pcrt36pke8yWxW,[],[],"[""skos:Concept""]",true,false negative
dhmultiling,idai-pactols_de-it,logmap-2026.tar.gz,[],[],"[""skos:Concept""]",http://thesauri.dainst.org/_49462e56,=,0.0,https://ark.frantiq.fr/ark:/26678/pcrtVmQTWhdSkJ,[],[],"[""skos:Concept""]",true,false negative
dhmultiling,idai-pactols_de-it,logmap-2026.tar.gz,[],[],"[""skos:Concept""]",http://thesauri.dainst.org/_1adf0150,=,0.0,https://ark.frantiq.fr/ark:/26678/pcrtpbgzj4c0da,[],[],"[""skos:Concept""]",true,false negative
dhmultiling,idai-pactols_de-it,logmap-2026.tar.gz,[],[],"[""skos:Concept""]",http://thesauri.dainst.org/_2c06eae5,=,0.0,https://ark.frantiq.fr/ark:/26678/pcrtJUwAaZ7Nz9,[],[],"[""skos:Concept""]",true,false negative
dhmultiling,idai-pactols_de-it,logmap-2026.tar.gz,[],[],"[""skos:Concept""]",http://thesauri.dainst.org/_a9e10cab,=,0.0,https://ark.frantiq.fr/ark:/26678/pcrtp5Wcpmp9I3,[],[],"[""skos:Concept""]",true,false negative
dhmultiling,idai-pactols_de-it,logmap-2026.tar.gz,[],[],"[""skos:Concept""]",http://thesauri.dainst.org/_c40b4a1d,=,0.0,https://ark.frantiq.fr/ark:/26678/pcrtrMvNrtSOHs,[],[],"[""skos:Concept""]",true,false negative
dhmultiling,idai-pactols_de-it,logmap-2026.tar.gz,[],[],"[""skos:Concept""]",http://thesauri.dainst.org/_68e1bd31,=,0.0,https://ark.frantiq.fr/ark:/26678/pcrt1FD59O4eTz,[],[],"[""skos:Concept""]",true,false negative
dhmultiling,idai-pactols_de-it,logmap-2026.tar.gz,[],[],"[""skos:Concept""]",http://thesauri.dainst.org/_3ec72d64,=,0.0,https://ark.frantiq.fr/ark:/26678/pcrt7UXeYrS8Nb,[],[],"[""skos:Concept""]",true,false negative
dhmultiling,idai-pactols_de-it,logmap-2026.tar.gz,[],[],[],http://thesauri.dainst.org/schema#memberOf,=,1.0,http://purl.org/umu/uneskos#memberOf,[],[],[],false,false positive
dhmultiling,idai-pactols_de-it,logmap-2026.tar.gz,[],[],"[""skos:Concept""]",http://thesauri.dainst.org/_d3b9f438,=,0.0,https://ark.frantiq.fr/ark:/26678/pcrtKZYwYOkWlK,[],[],"[""skos:Concept""]",true,false negative
dhmultiling,idai-pactols_de-it,logmap-2026.tar.gz,[],[],"[""skos:Concept""]",http://thesauri.dainst.org/_4688b7a6,=,0.0,https://ark.frantiq.fr/ark:/26678/pcrtF9P4mbuyGk,[],[],"[""skos:Concept""]",true,false negative
dhmultiling,idai-pactols_de-it,logmap-2026.tar.gz,[],[],"[""skos:Concept""]",http://thesauri.dainst.org/_d321ff61,=,0.0,https://ark.frantiq.fr/ark:/26678/pcrtgWbicZTgZe,[],[],"[""skos:Concept""]",true,false negative
dhmultiling,idai-pactols_de-it,logmap-2026.tar.gz,[],[],"[""skos:Concept""]",http://thesauri.dainst.org/_8b38cf01,=,0.0,https://ark.frantiq.fr/ark:/26678/pcrt0Krn6QJlhU,[],[],"[""skos:Concept""]",true,false negative
dhmultiling,idai-pactols_de-it,logmap-2026.tar.gz,[],[],"[""skos:Concept""]",http://thesauri.dainst.org/_b02158bd,=,0.0,https://ark.frantiq.fr/ark:/26678/pcrtJUwAaZ7Nz9,[],[],"[""skos:Concept""]",true,false negative
dhmultiling,idai-pactols_de-en,logmap-2026.tar.gz,[],[],"[""skos:Concept""]",http://thesauri.dainst.org/_f09b41b4,=,0.0,https://ark.frantiq.fr/ark:/26678/pcrt0Krn6QJlhU,[],[],"[""skos:Concept""]",true,false negative
dhmultiling,idai-pactols_de-en,logmap-2026.tar.gz,[],[],"[""skos:Concept""]",http://thesauri.dainst.org/_af2f2dad,=,0.0,https://ark.frantiq.fr/ark:/26678/pcrtVgXu5JJGUg,[],[],"[""skos:Concept""]",true,false negative
dhmultiling,idai-pactols_de-en,logmap-2026.tar.gz,[],[],"[""skos:Concept""]",http://thesauri.dainst.org/_dafb0ad8,=,0.0,https://ark.frantiq.fr/ark:/26678/pcrtfOjLfceAZ0,[],[],"[""skos:Concept""]",true,false negative
dhmultiling,idai-pactols_de-en,logmap-2026.tar.gz,[],[],"[""skos:Concept""]",http://thesauri.dainst.org/_bd4d65a8,=,0.0,https://ark.frantiq.fr/ark:/26678/pcrtgWbicZTgZe,[],[],"[""skos:Concept""]",true,false negative
dhmultiling,idai-pactols_de-en,logmap-2026.tar.gz,[],[],"[""skos:Concept""]",http://thesauri.dainst.org/_49517e78,=,0.0,https://ark.frantiq.fr/ark:/26678/pcrt36pke8yWxW,[],[],"[""skos:Concept""]",true,false negative
dhmultiling,idai-pactols_de-en,logmap-2026.tar.gz,[],[],"[""skos:Concept""]",http://thesauri.dainst.org/_49462e56,=,0.0,https://ark.frantiq.fr/ark:/26678/pcrtVmQTWhdSkJ,[],[],"[""skos:Concept""]",true,false negative
dhmultiling,idai-pactols_de-en,logmap-2026.tar.gz,[],[],"[""skos:Concept""]",http://thesauri.dainst.org/_1adf0150,=,0.0,https://ark.frantiq.fr/ark:/26678/pcrtpbgzj4c0da,[],[],"[""skos:Concept""]",true,false negative
dhmultiling,idai-pactols_de-en,logmap-2026.tar.gz,[],[],"[""skos:Concept""]",http://thesauri.dainst.org/_2c06eae5,=,0.0,https://ark.frantiq.fr/ark:/26678/pcrtJUwAaZ7Nz9,[],[],"[""skos:Concept""]",true,false negative
dhmultiling,idai-pactols_de-en,logmap-2026.tar.gz,[],[],"[""skos:Concept""]",http://thesauri.dainst.org/_a9e10cab,=,0.0,https://ark.frantiq.fr/ark:/26678/pcrtp5Wcpmp9I3,[],[],"[""skos:Concept""]",true,false negative
dhmultiling,idai-pactols_de-en,logmap-2026.tar.gz,[],[],"[""skos:Concept""]",http://thesauri.dainst.org/_c40b4a1d,=,0.0,https://ark.frantiq.fr/ark:/26678/pcrtrMvNrtSOHs,[],[],"[""skos:Concept""]",true,false negative
dhmultiling,idai-pactols_de-en,logmap-2026.tar.gz,[],[],"[""skos:Concept""]",http://thesauri.dainst.org/_68e1bd31,=,0.0,https://ark.frantiq.fr/ark:/26678/pcrt1FD59O4eTz,[],[],"[""skos:Concept""]",true,false negative
dhmultiling,idai-pactols_de-en,logmap-2026.tar.gz,[],[],"[""skos:Concept""]",http://thesauri.dainst.org/_3ec72d64,=,0.0,https://ark.frantiq.fr/ark:/26678/pcrt7UXeYrS8Nb,[],[],"[""skos:Concept""]",true,false negative
dhmultiling,idai-pactols_de-en,logmap-2026.tar.gz,[],[],[],http://thesauri.dainst.org/schema#memberOf,=,1.0,http://purl.org/umu/uneskos#memberOf,[],[],[],false,false positive
dhmultiling,idai-pactols_de-en,logmap-2026.tar.gz,[],[],"[""skos:Concept""]",http://thesauri.dainst.org/_d3b9f438,=,0.0,https://ark.frantiq.fr/ark:/26678/pcrtKZYwYOkWlK,[],[],"[""skos:Concept""]",true,false negative
dhmultiling,idai-pactols_de-en,logmap-2026.tar.gz,[],[],"[""skos:Concept""]",http://thesauri.dainst.org/_4688b7a6,=,0.0,https://ark.frantiq.fr/ark:/26678/pcrtF9P4mbuyGk,[],[],"[""skos:Concept""]",true,false negative
dhmultiling,idai-pactols_de-en,logmap-2026.tar.gz,[],[],"[""skos:Concept""]",http://thesauri.dainst.org/_d321ff61,=,0.0,https://ark.frantiq.fr/ark:/26678/pcrtgWbicZTgZe,[],[],"[""skos:Concept""]",true,false negative
dhmultiling,idai-pactols_de-en,logmap-2026.tar.gz,[],[],"[""skos:Concept""]",http://thesauri.dainst.org/_8b38cf01,=,0.0,https://ark.frantiq.fr/ark:/26678/pcrt0Krn6QJlhU,[],[],"[""skos:Concept""]",true,false negative
dhmultiling,idai-pactols_de-en,logmap-2026.tar.gz,[],[],"[""skos:Concept""]",http://thesauri.dainst.org/_b02158bd,=,0.0,https://ark.frantiq.fr/ark:/26678/pcrtJUwAaZ7Nz9,[],[],"[""skos:Concept""]",true,false negative
dhmultiling,idai-pactols_it-it,logmap-bio-2026.tar.gz,[],[],"[""skos:Concept""]",http://thesauri.dainst.org/_2c06eae5,=,0.0,https://ark.frantiq.fr/ark:/26678/pcrtJUwAaZ7Nz9,[],[],"[""skos:Concept""]",true,false negative
dhmultiling,idai-pactols_it-it,logmap-bio-2026.tar.gz,[],[],"[""skos:Concept""]",http://thesauri.dainst.org/_c40b4a1d,=,0.0,https://ark.frantiq.fr/ark:/26678/pcrtrMvNrtSOHs,[],[],"[""skos:Concept""]",true,false negative
dhmultiling,idai-pactols_it-it,logmap-bio-2026.tar.gz,[],[],[],http://thesauri.dainst.org/schema#memberOf,=,1.0,http://purl.org/umu/uneskos#memberOf,[],[],[],false,false positive
dhmultiling,idai-pactols_it-it,logmap-bio-2026.tar.gz,[],[],"[""skos:Concept""]",http://thesauri.dainst.org/_4688b7a6,=,0.0,https://ark.frantiq.fr/ark:/26678/pcrtF9P4mbuyGk,[],[],"[""skos:Concept""]",true,false negative
dhmultiling,idai-pactols_it-it,logmap-bio-2026.tar.gz,[],[],"[""skos:Concept""]",http://thesauri.dainst.org/_b02158bd,=,0.0,https://ark.frantiq.fr/ark:/26678/pcrtJUwAaZ7Nz9,[],[],"[""skos:Concept""]",true,false negative
dhmultiling,idai-pactols_en-it,logmap-2026.tar.gz,[],[],"[""skos:Concept""]",http://thesauri.dainst.org/_2c06eae5,=,0.0,https://ark.frantiq.fr/ark:/26678/pcrtJUwAaZ7Nz9,[],[],"[""skos:Concept""]",true,false negative
dhmultiling,idai-pactols_en-it,logmap-2026.tar.gz,[],[],"[""skos:Concept""]",http://thesauri.dainst.org/_c40b4a1d,=,0.0,https://ark.frantiq.fr/ark:/26678/pcrtrMvNrtSOHs,[],[],"[""skos:Concept""]",true,false negative
dhmultiling,idai-pactols_en-it,logmap-2026.tar.gz,[],[],[],http://thesauri.dainst.org/schema#memberOf,=,1.0,http://purl.org/umu/uneskos#memberOf,[],[],[],false,false positive
dhmultiling,idai-pactols_en-it,logmap-2026.tar.gz,[],[],"[""skos:Concept""]",http://thesauri.dainst.org/_bd4d65a8,=,0.0,https://ark.frantiq.fr/ark:/26678/pcrtgWbicZTgZe,[],[],"[""skos:Concept""]",true,false negative
dhmultiling,idai-pactols_en-it,logmap-2026.tar.gz,[],[],"[""skos:Concept""]",http://thesauri.dainst.org/_4688b7a6,=,0.0,https://ark.frantiq.fr/ark:/26678/pcrtF9P4mbuyGk,[],[],"[""skos:Concept""]",true,false negative
dhmultiling,idai-pactols_en-it,logmap-2026.tar.gz,[],[],"[""skos:Concept""]",http://thesauri.dainst.org/_8b38cf01,=,0.0,https://ark.frantiq.fr/ark:/26678/pcrt0Krn6QJlhU,[],[],"[""skos:Concept""]",true,false negative
dhmultiling,idai-pactols_en-it,logmap-2026.tar.gz,[],[],"[""skos:Concept""]",http://thesauri.dainst.org/_b02158bd,=,0.0,https://ark.frantiq.fr/ark:/26678/pcrtJUwAaZ7Nz9,[],[],"[""skos:Concept""]",true,false negative
dhmultiling,idai-pactols_en-en,logmap-2026.tar.gz,[],[],"[""skos:Concept""]",http://thesauri.dainst.org/_2c06eae5,=,0.0,https://ark.frantiq.fr/ark:/26678/pcrtJUwAaZ7Nz9,[],[],"[""skos:Concept""]",true,false negative
dhmultiling,idai-pactols_en-en,logmap-2026.tar.gz,[],[],"[""skos:Concept""]",http://thesauri.dainst.org/_c40b4a1d,=,0.0,https://ark.frantiq.fr/ark:/26678/pcrtrMvNrtSOHs,[],[],"[""skos:Concept""]",true,false negative
dhmultiling,idai-pactols_en-en,logmap-2026.tar.gz,[],[],[],http://thesauri.dainst.org/schema#memberOf,=,1.0,http://purl.org/umu/uneskos#memberOf,[],[],[],false,false positive
dhmultiling,idai-pactols_en-en,logmap-2026.tar.gz,[],[],"[""skos:Concept""]",http://thesauri.dainst.org/_bd4d65a8,=,0.0,https://ark.frantiq.fr/ark:/26678/pcrtgWbicZTgZe,[],[],"[""skos:Concept""]",true,false negative
dhmultiling,idai-pactols_en-en,logmap-2026.tar.gz,[],[],"[""skos:Concept""]",http://thesauri.dainst.org/_4688b7a6,=,0.0,https://ark.frantiq.fr/ark:/26678/pcrtF9P4mbuyGk,[],[],"[""skos:Concept""]",true,false negative
dhmultiling,idai-pactols_en-en,logmap-2026.tar.gz,[],[],"[""skos:Concept""]",http://thesauri.dainst.org/_8b38cf01,=,0.0,https://ark.frantiq.fr/ark:/26678/pcrt0Krn6QJlhU,[],[],"[""skos:Concept""]",true,false negative
dhmultiling,idai-pactols_en-en,logmap-2026.tar.gz,[],[],"[""skos:Concept""]",http://thesauri.dainst.org/_b02158bd,=,0.0,https://ark.frantiq.fr/ark:/26678/pcrtJUwAaZ7Nz9,[],[],"[""skos:Concept""]",true,false negative
dhmultiling,idai-pactols_en-it,logmap-bio-2026.tar.gz,[],[],"[""skos:Concept""]",http://thesauri.dainst.org/_2c06eae5,=,0.0,https://ark.frantiq.fr/ark:/26678/pcrtJUwAaZ7Nz9,[],[],"[""skos:Concept""]",true,false negative
dhmultiling,idai-pactols_en-it,logmap-bio-2026.tar.gz,[],[],"[""skos:Concept""]",http://thesauri.dainst.org/_c40b4a1d,=,0.0,https://ark.frantiq.fr/ark:/26678/pcrtrMvNrtSOHs,[],[],"[""skos:Concept""]",true,false negative
dhmultiling,idai-pactols_en-it,logmap-bio-2026.tar.gz,[],[],[],http://thesauri.dainst.org/schema#memberOf,=,1.0,http://purl.org/umu/uneskos#memberOf,[],[],[],false,false positive
dhmultiling,idai-pactols_en-it,logmap-bio-2026.tar.gz,[],[],"[""skos:Concept""]",http://thesauri.dainst.org/_bd4d65a8,=,0.0,https://ark.frantiq.fr/ark:/26678/pcrtgWbicZTgZe,[],[],"[""skos:Concept""]",true,false negative
dhmultiling,idai-pactols_en-it,logmap-bio-2026.tar.gz,[],[],"[""skos:Concept""]",http://thesauri.dainst.org/_4688b7a6,=,0.0,https://ark.frantiq.fr/ark:/26678/pcrtF9P4mbuyGk,[],[],"[""skos:Concept""]",true,false negative
dhmultiling,idai-pactols_en-it,logmap-bio-2026.tar.gz,[],[],"[""skos:Concept""]",http://thesauri.dainst.org/_8b38cf01,=,0.0,https://ark.frantiq.fr/ark:/26678/pcrt0Krn6QJlhU,[],[],"[""skos:Concept""]",true,false negative
dhmultiling,idai-pactols_en-it,logmap-bio-2026.tar.gz,[],[],"[""skos:Concept""]",http://thesauri.dainst.org/_b02158bd,=,0.0,https://ark.frantiq.fr/ark:/26678/pcrtJUwAaZ7Nz9,[],[],"[""skos:Concept""]",true,false negative
dhmultiling,idai-pactols_en-en,lsmatch-multilingual-2026.tar.gz,[],[],"[""skos:Concept""]",http://thesauri.dainst.org/_2c06eae5,=,0.0,https://ark.frantiq.fr/ark:/26678/pcrtJUwAaZ7Nz9,[],[],"[""skos:Concept""]",true,false negative
dhmultiling,idai-pactols_en-en,lsmatch-multilingual-2026.tar.gz,[],[],"[""skos:Concept""]",http://thesauri.dainst.org/_c40b4a1d,=,0.0,https://ark.frantiq.fr/ark:/26678/pcrtrMvNrtSOHs,[],[],"[""skos:Concept""]",true,false negative
dhmultiling,idai-pactols_en-en,lsmatch-multilingual-2026.tar.gz,"[""Concept""]",[],"[""owl:Class""]",http://www.w3.org/2004/02/skos/core#Concept,=,1.0,http://www.w3.org/2004/02/skos/core#Concept,"[""Concept""]",[],"[""owl:Class""]",false,false positive
dhmultiling,idai-pactols_en-en,lsmatch-multilingual-2026.tar.gz,[],[],"[""skos:Concept""]",http://thesauri.dainst.org/_bd4d65a8,=,0.0,https://ark.frantiq.fr/ark:/26678/pcrtgWbicZTgZe,[],[],"[""skos:Concept""]",true,false negative
dhmultiling,idai-pactols_en-en,lsmatch-multilingual-2026.tar.gz,[],[],"[""skos:Concept""]",http://thesauri.dainst.org/_4688b7a6,=,0.0,https://ark.frantiq.fr/ark:/26678/pcrtF9P4mbuyGk,[],[],"[""skos:Concept""]",true,false negative
dhmultiling,idai-pactols_en-en,lsmatch-multilingual-2026.tar.gz,[],[],"[""skos:Concept""]",http://thesauri.dainst.org/_8b38cf01,=,0.0,https://ark.frantiq.fr/ark:/26678/pcrt0Krn6QJlhU,[],[],"[""skos:Concept""]",true,false negative
dhmultiling,idai-pactols_en-en,lsmatch-multilingual-2026.tar.gz,[],[],"[""skos:Concept""]",http://thesauri.dainst.org/_b02158bd,=,0.0,https://ark.frantiq.fr/ark:/26678/pcrtJUwAaZ7Nz9,[],[],"[""skos:Concept""]",true,false negative
dhmultiling,idai-pactols_it-it,logmap-2026.tar.gz,[],[],"[""skos:Concept""]",http://thesauri.dainst.org/_2c06eae5,=,0.0,https://ark.frantiq.fr/ark:/26678/pcrtJUwAaZ7Nz9,[],[],"[""skos:Concept""]",true,false negative
dhmultiling,idai-pactols_it-it,logmap-2026.tar.gz,[],[],"[""skos:Concept""]",http://thesauri.dainst.org/_c40b4a1d,=,0.0,https://ark.frantiq.fr/ark:/26678/pcrtrMvNrtSOHs,[],[],"[""skos:Concept""]",true,false negative
dhmultiling,idai-pactols_it-it,logmap-2026.tar.gz,[],[],[],http://thesauri.dainst.org/schema#memberOf,=,1.0,http://purl.org/umu/uneskos#memberOf,[],[],[],false,false positive
dhmultiling,idai-pactols_it-it,logmap-2026.tar.gz,[],[],"[""skos:Concept""]",http://thesauri.dainst.org/_4688b7a6,=,0.0,https://ark.frantiq.fr/ark:/26678/pcrtF9P4mbuyGk,[],[],"[""skos:Concept""]",true,false negative
dhmultiling,idai-pactols_it-it,logmap-2026.tar.gz,[],[],"[""skos:Concept""]",http://thesauri.dainst.org/_b02158bd,=,0.0,https://ark.frantiq.fr/ark:/26678/pcrtJUwAaZ7Nz9,[],[],"[""skos:Concept""]",true,false negative
dhmultiling,idai-pactols_en-it,lsmatch-multilingual-2026.tar.gz,[],[],"[""skos:Concept""]",http://thesauri.dainst.org/_2c06eae5,=,0.0,https://ark.frantiq.fr/ark:/26678/pcrtJUwAaZ7Nz9,[],[],"[""skos:Concept""]",true,false negative
dhmultiling,idai-pactols_en-it,lsmatch-multilingual-2026.tar.gz,[],[],"[""skos:Concept""]",http://thesauri.dainst.org/_c40b4a1d,=,0.0,https://ark.frantiq.fr/ark:/26678/pcrtrMvNrtSOHs,[],[],"[""skos:Concept""]",true,false negative
dhmultiling,idai-pactols_en-it,lsmatch-multilingual-2026.tar.gz,"[""Concept""]",[],"[""owl:Class""]",http://www.w3.org/2004/02/skos/core#Concept,=,1.0,http://www.w3.org/2004/02/skos/core#Concept,"[""Concept""]",[],"[""owl:Class""]",false,false positive
dhmultiling,idai-pactols_en-it,lsmatch-multilingual-2026.tar.gz,[],[],"[""skos:Concept""]",http://thesauri.dainst.org/_bd4d65a8,=,0.0,https://ark.frantiq.fr/ark:/26678/pcrtgWbicZTgZe,[],[],"[""skos:Concept""]",true,false negative
dhmultiling,idai-pactols_en-it,lsmatch-multilingual-2026.tar.gz,[],[],"[""skos:Concept""]",http://thesauri.dainst.org/_4688b7a6,=,0.0,https://ark.frantiq.fr/ark:/26678/pcrtF9P4mbuyGk,[],[],"[""skos:Concept""]",true,false negative
dhmultiling,idai-pactols_en-it,lsmatch-multilingual-2026.tar.gz,[],[],"[""skos:Concept""]",http://thesauri.dainst.org/_8b38cf01,=,0.0,https://ark.frantiq.fr/ark:/26678/pcrt0Krn6QJlhU,[],[],"[""skos:Concept""]",true,false negative
dhmultiling,idai-pactols_en-it,lsmatch-multilingual-2026.tar.gz,[],[],"[""skos:Concept""]",http://thesauri.dainst.org/_b02158bd,=,0.0,https://ark.frantiq.fr/ark:/26678/pcrtJUwAaZ7Nz9,[],[],"[""skos:Concept""]",true,false negative
dhmultiling,idai-pactols_fr-fr,tim-2026.tar.gz,[],[],"[""skos:Concept""]",http://thesauri.dainst.org/_2c06eae5,=,0.0,https://ark.frantiq.fr/ark:/26678/pcrtJUwAaZ7Nz9,[],[],"[""skos:Concept""]",true,false negative
dhmultiling,idai-pactols_fr-fr,tim-2026.tar.gz,[],[],"[""skos:Concept""]",http://thesauri.dainst.org/_c40b4a1d,=,0.0,https://ark.frantiq.fr/ark:/26678/pcrtrMvNrtSOHs,[],[],"[""skos:Concept""]",true,false negative
dhmultiling,idai-pactols_fr-fr,tim-2026.tar.gz,[],[],[],http://thesauri.dainst.org/schema#memberOf,=,1.0,http://purl.org/umu/uneskos#memberOf,[],[],[],false,false positive
dhmultiling,idai-pactols_fr-fr,tim-2026.tar.gz,[],[],"[""skos:Concept""]",http://thesauri.dainst.org/_87a30753,=,1.0,https://ark.frantiq.fr/ark:/26678/pcrtxKnfzXYMxK,[],[],"[""skos:Concept""]",false,false positive
dhmultiling,idai-pactols_fr-fr,tim-2026.tar.gz,"[""Concept""]",[],"[""owl:Class""]",http://www.w3.org/2004/02/skos/core#Concept,=,1.0,http://www.w3.org/2004/02/skos/core#Concept,"[""Concept""]",[],"[""owl:Class""]",false,false positive
dhmultiling,idai-pactols_fr-fr,tim-2026.tar.gz,[],[],"[""skos:Concept""]",http://thesauri.dainst.org/_4688b7a6,=,1.0,https://ark.frantiq.fr/ark:/26678/pcrtF9P4mbuyGk,[],[],"[""skos:Concept""]",true,true positive
dhmultiling,idai-pactols_fr-fr,tim-2026.tar.gz,[],[],"[""skos:Concept""]",http://thesauri.dainst.org/_b02158bd,=,0.0,https://ark.frantiq.fr/ark:/26678/pcrtJUwAaZ7Nz9,[],[],"[""skos:Concept""]",true,false negative
dhmultiling,idai-pactols_fr-fr,tim-2026.tar.gz,[],[],"[""skos:Concept""]",http://thesauri.dainst.org/_d67080ff,=,1.0,https://ark.frantiq.fr/ark:/26678/pcrtKei7jxhn32,[],[],"[""skos:Concept""]",false,false positive
dhmultiling,idai-pactols_fr-it,logmap-bio-2026.tar.gz,[],[],"[""skos:Concept""]",http://thesauri.dainst.org/_2c06eae5,=,0.0,https://ark.frantiq.fr/ark:/26678/pcrtJUwAaZ7Nz9,[],[],"[""skos:Concept""]",true,false negative
dhmultiling,idai-pactols_fr-it,logmap-bio-2026.tar.gz,[],[],"[""skos:Concept""]",http://thesauri.dainst.org/_c40b4a1d,=,0.0,https://ark.frantiq.fr/ark:/26678/pcrtrMvNrtSOHs,[],[],"[""skos:Concept""]",true,false negative
dhmultiling,idai-pactols_fr-it,logmap-bio-2026.tar.gz,[],[],[],http://thesauri.dainst.org/schema#memberOf,=,1.0,http://purl.org/umu/uneskos#memberOf,[],[],[],false,false positive
dhmultiling,idai-pactols_fr-it,logmap-bio-2026.tar.gz,[],[],"[""skos:Concept""]",http://thesauri.dainst.org/_4688b7a6,=,0.0,https://ark.frantiq.fr/ark:/26678/pcrtF9P4mbuyGk,[],[],"[""skos:Concept""]",true,false negative
dhmultiling,idai-pactols_fr-it,logmap-bio-2026.tar.gz,[],[],"[""skos:Concept""]",http://thesauri.dainst.org/_b02158bd,=,0.0,https://ark.frantiq.fr/ark:/26678/pcrtJUwAaZ7Nz9,[],[],"[""skos:Concept""]",true,false negative
dhmultiling,idai-pactols_de-de,logmap-lite-2026.tar.gz,[],[],"[""skos:Concept""]",http://thesauri.dainst.org/_f09b41b4,=,0.0,https://ark.frantiq.fr/ark:/26678/pcrt0Krn6QJlhU,[],[],"[""skos:Concept""]",true,false negative
dhmultiling,idai-pactols_de-de,logmap-lite-2026.tar.gz,[],[],"[""skos:Concept""]",http://thesauri.dainst.org/_af2f2dad,=,0.0,https://ark.frantiq.fr/ark:/26678/pcrtVgXu5JJGUg,[],[],"[""skos:Concept""]",true,false negative
dhmultiling,idai-pactols_de-de,logmap-lite-2026.tar.gz,[],[],"[""skos:Concept""]",http://thesauri.dainst.org/_dafb0ad8,=,0.0,https://ark.frantiq.fr/ark:/26678/pcrtfOjLfceAZ0,[],[],"[""skos:Concept""]",true,false negative
dhmultiling,idai-pactols_de-de,logmap-lite-2026.tar.gz,[],[],"[""skos:Concept""]",http://thesauri.dainst.org/_bd4d65a8,=,0.0,https://ark.frantiq.fr/ark:/26678/pcrtgWbicZTgZe,[],[],"[""skos:Concept""]",true,false negative
dhmultiling,idai-pactols_de-de,logmap-lite-2026.tar.gz,[],[],"[""skos:Concept""]",http://thesauri.dainst.org/_49517e78,=,0.0,https://ark.frantiq.fr/ark:/26678/pcrt36pke8yWxW,[],[],"[""skos:Concept""]",true,false negative
dhmultiling,idai-pactols_de-de,logmap-lite-2026.tar.gz,[],[],"[""skos:Concept""]",http://thesauri.dainst.org/_49462e56,=,0.0,https://ark.frantiq.fr/ark:/26678/pcrtVmQTWhdSkJ,[],[],"[""skos:Concept""]",true,false negative
dhmultiling,idai-pactols_de-de,logmap-lite-2026.tar.gz,[],[],"[""skos:Concept""]",http://thesauri.dainst.org/_1adf0150,=,0.0,https://ark.frantiq.fr/ark:/26678/pcrtpbgzj4c0da,[],[],"[""skos:Concept""]",true,false negative
dhmultiling,idai-pactols_de-de,logmap-lite-2026.tar.gz,[],[],"[""skos:Concept""]",http://thesauri.dainst.org/_2c06eae5,=,0.0,https://ark.frantiq.fr/ark:/26678/pcrtJUwAaZ7Nz9,[],[],"[""skos:Concept""]",true,false negative
dhmultiling,idai-pactols_de-de,logmap-lite-2026.tar.gz,[],[],"[""skos:Concept""]",http://thesauri.dainst.org/_a9e10cab,=,0.0,https://ark.frantiq.fr/ark:/26678/pcrtp5Wcpmp9I3,[],[],"[""skos:Concept""]",true,false negative
dhmultiling,idai-pactols_de-de,logmap-lite-2026.tar.gz,[],[],"[""skos:Concept""]",http://thesauri.dainst.org/_c40b4a1d,=,0.0,https://ark.frantiq.fr/ark:/26678/pcrtrMvNrtSOHs,[],[],"[""skos:Concept""]",true,false negative
dhmultiling,idai-pactols_de-de,logmap-lite-2026.tar.gz,[],[],"[""skos:Concept""]",http://thesauri.dainst.org/_68e1bd31,=,0.0,https://ark.frantiq.fr/ark:/26678/pcrt1FD59O4eTz,[],[],"[""skos:Concept""]",true,false negative
dhmultiling,idai-pactols_de-de,logmap-lite-2026.tar.gz,[],[],"[""skos:Concept""]",http://thesauri.dainst.org/_3ec72d64,=,0.0,https://ark.frantiq.fr/ark:/26678/pcrt7UXeYrS8Nb,[],[],"[""skos:Concept""]",true,false negative
dhmultiling,idai-pactols_de-de,logmap-lite-2026.tar.gz,"[""Concept""]",[],"[""owl:Class""]",http://www.w3.org/2004/02/skos/core#Concept,=,1.0,http://www.w3.org/2004/02/skos/core#Concept,"[""Concept""]",[],"[""owl:Class""]",false,false positive
dhmultiling,idai-pactols_de-de,logmap-lite-2026.tar.gz,[],[],"[""skos:Concept""]",http://thesauri.dainst.org/_d3b9f438,=,0.0,https://ark.frantiq.fr/ark:/26678/pcrtKZYwYOkWlK,[],[],"[""skos:Concept""]",true,false negative
dhmultiling,idai-pactols_de-de,logmap-lite-2026.tar.gz,[],[],"[""skos:Concept""]",http://thesauri.dainst.org/_4688b7a6,=,0.0,https://ark.frantiq.fr/ark:/26678/pcrtF9P4mbuyGk,[],[],"[""skos:Concept""]",true,false negative
dhmultiling,idai-pactols_de-de,logmap-lite-2026.tar.gz,[],[],"[""skos:Concept""]",http://thesauri.dainst.org/_d321ff61,=,0.0,https://ark.frantiq.fr/ark:/26678/pcrtgWbicZTgZe,[],[],"[""skos:Concept""]",true,false negative
dhmultiling,idai-pactols_de-de,logmap-lite-2026.tar.gz,[],[],"[""skos:Concept""]",http://thesauri.dainst.org/_8b38cf01,=,0.0,https://ark.frantiq.fr/ark:/26678/pcrt0Krn6QJlhU,[],[],"[""skos:Concept""]",true,false negative
dhmultiling,idai-pactols_de-de,logmap-lite-2026.tar.gz,[],[],"[""skos:Concept""]",http://thesauri.dainst.org/_b02158bd,=,0.0,https://ark.frantiq.fr/ark:/26678/pcrtJUwAaZ7Nz9,[],[],"[""skos:Concept""]",true,false negative
dhmultiling,idai-pactols_de-fr,tim-2026.tar.gz,[],[],"[""skos:Concept""]",http://thesauri.dainst.org/_f09b41b4,=,0.0,https://ark.frantiq.fr/ark:/26678/pcrt0Krn6QJlhU,[],[],"[""skos:Concept""]",true,false negative
dhmultiling,idai-pactols_de-fr,tim-2026.tar.gz,[],[],"[""skos:Concept""]",http://thesauri.dainst.org/_af2f2dad,=,0.0,https://ark.frantiq.fr/ark:/26678/pcrtVgXu5JJGUg,[],[],"[""skos:Concept""]",true,false negative
dhmultiling,idai-pactols_de-fr,tim-2026.tar.gz,[],[],"[""skos:Concept""]",http://thesauri.dainst.org/_dafb0ad8,=,0.0,https://ark.frantiq.fr/ark:/26678/pcrtfOjLfceAZ0,[],[],"[""skos:Concept""]",true,false negative
dhmultiling,idai-pactols_de-fr,tim-2026.tar.gz,[],[],"[""skos:Concept""]",http://thesauri.dainst.org/_bd4d65a8,=,0.0,https://ark.frantiq.fr/ark:/26678/pcrtgWbicZTgZe,[],[],"[""skos:Concept""]",true,false negative
dhmultiling,idai-pactols_de-fr,tim-2026.tar.gz,[],[],"[""skos:Concept""]",http://thesauri.dainst.org/_49517e78,=,0.0,https://ark.frantiq.fr/ark:/26678/pcrt36pke8yWxW,[],[],"[""skos:Concept""]",true,false negative
dhmultiling,idai-pactols_de-fr,tim-2026.tar.gz,[],[],"[""skos:Concept""]",http://thesauri.dainst.org/_49462e56,=,0.0,https://ark.frantiq.fr/ark:/26678/pcrtVmQTWhdSkJ,[],[],"[""skos:Concept""]",true,false negative
dhmultiling,idai-pactols_de-fr,tim-2026.tar.gz,[],[],"[""skos:Concept""]",http://thesauri.dainst.org/_1adf0150,=,0.0,https://ark.frantiq.fr/ark:/26678/pcrtpbgzj4c0da,[],[],"[""skos:Concept""]",true,false negative
dhmultiling,idai-pactols_de-fr,tim-2026.tar.gz,[],[],"[""skos:Concept""]",http://thesauri.dainst.org/_2c06eae5,=,0.0,https://ark.frantiq.fr/ark:/26678/pcrtJUwAaZ7Nz9,[],[],"[""skos:Concept""]",true,false negative
dhmultiling,idai-pactols_de-fr,tim-2026.tar.gz,[],[],"[""skos:Concept""]",http://thesauri.dainst.org/_a9e10cab,=,0.0,https://ark.frantiq.fr/ark:/26678/pcrtp5Wcpmp9I3,[],[],"[""skos:Concept""]",true,false negative
dhmultiling,idai-pactols_de-fr,tim-2026.tar.gz,[],[],"[""skos:Concept""]",http://thesauri.dainst.org/_c40b4a1d,=,0.0,https://ark.frantiq.fr/ark:/26678/pcrtrMvNrtSOHs,[],[],"[""skos:Concept""]",true,false negative
dhmultiling,idai-pactols_de-fr,tim-2026.tar.gz,[],[],"[""skos:Concept""]",http://thesauri.dainst.org/_68e1bd31,=,0.0,https://ark.frantiq.fr/ark:/26678/pcrt1FD59O4eTz,[],[],"[""skos:Concept""]",true,false negative
dhmultiling,idai-pactols_de-fr,tim-2026.tar.gz,[],[],"[""skos:Concept""]",http://thesauri.dainst.org/_3ec72d64,=,0.0,https://ark.frantiq.fr/ark:/26678/pcrt7UXeYrS8Nb,[],[],"[""skos:Concept""]",true,false negative
dhmultiling,idai-pactols_de-fr,tim-2026.tar.gz,[],[],[],http://thesauri.dainst.org/schema#memberOf,=,1.0,http://purl.org/umu/uneskos#memberOf,[],[],[],false,false positive
dhmultiling,idai-pactols_de-fr,tim-2026.tar.gz,"[""Concept""]",[],"[""owl:Class""]",http://www.w3.org/2004/02/skos/core#Concept,=,1.0,http://www.w3.org/2004/02/skos/core#Concept,"[""Concept""]",[],"[""owl:Class""]",false,false positive
dhmultiling,idai-pactols_de-fr,tim-2026.tar.gz,[],[],"[""skos:Concept""]",http://thesauri.dainst.org/_d3b9f438,=,0.0,https://ark.frantiq.fr/ark:/26678/pcrtKZYwYOkWlK,[],[],"[""skos:Concept""]",true,false negative
dhmultiling,idai-pactols_de-fr,tim-2026.tar.gz,[],[],"[""skos:Concept""]",http://thesauri.dainst.org/_4688b7a6,=,0.0,https://ark.frantiq.fr/ark:/26678/pcrtF9P4mbuyGk,[],[],"[""skos:Concept""]",true,false negative
dhmultiling,idai-pactols_de-fr,tim-2026.tar.gz,[],[],"[""skos:Concept""]",http://thesauri.dainst.org/_d321ff61,=,0.0,https://ark.frantiq.fr/ark:/26678/pcrtgWbicZTgZe,[],[],"[""skos:Concept""]",true,false negative
dhmultiling,idai-pactols_de-fr,tim-2026.tar.gz,[],[],"[""skos:Concept""]",http://thesauri.dainst.org/_8b38cf01,=,0.0,https://ark.frantiq.fr/ark:/26678/pcrt0Krn6QJlhU,[],[],"[""skos:Concept""]",true,false negative
dhmultiling,idai-pactols_de-fr,tim-2026.tar.gz,[],[],"[""skos:Concept""]",http://thesauri.dainst.org/_b02158bd,=,0.0,https://ark.frantiq.fr/ark:/26678/pcrtJUwAaZ7Nz9,[],[],"[""skos:Concept""]",true,false negative
dhmultiling,idai-pactols_it-it,lsmatch-multilingual-2026.tar.gz,[],[],"[""skos:Concept""]",http://thesauri.dainst.org/_2c06eae5,=,0.0,https://ark.frantiq.fr/ark:/26678/pcrtJUwAaZ7Nz9,[],[],"[""skos:Concept""]",true,false negative
dhmultiling,idai-pactols_it-it,lsmatch-multilingual-2026.tar.gz,[],[],"[""skos:Concept""]",http://thesauri.dainst.org/_c40b4a1d,=,0.0,https://ark.frantiq.fr/ark:/26678/pcrtrMvNrtSOHs,[],[],"[""skos:Concept""]",true,false negative
dhmultiling,idai-pactols_it-it,lsmatch-multilingual-2026.tar.gz,"[""Concept""]",[],"[""owl:Class""]",http://www.w3.org/2004/02/skos/core#Concept,=,1.0,http://www.w3.org/2004/02/skos/core#Concept,"[""Concept""]",[],"[""owl:Class""]",false,false positive
dhmultiling,idai-pactols_it-it,lsmatch-multilingual-2026.tar.gz,[],[],"[""skos:Concept""]",http://thesauri.dainst.org/_4688b7a6,=,0.0,https://ark.frantiq.fr/ark:/26678/pcrtF9P4mbuyGk,[],[],"[""skos:Concept""]",true,false negative
dhmultiling,idai-pactols_it-it,lsmatch-multilingual-2026.tar.gz,[],[],"[""skos:Concept""]",http://thesauri.dainst.org/_b02158bd,=,0.0,https://ark.frantiq.fr/ark:/26678/pcrtJUwAaZ7Nz9,[],[],"[""skos:Concept""]",true,false negative
