Type,Macro Precision (P),Macro Recall (R),Residual Macro Recall (R+),Macro F1,Micro Precision (P),Micro Recall (R),Residual Micro Recall (R+),Micro F1,"# of TP","# of Residual TP","# of FP","# of FN","# of Correspondences",Total Runtime,Total Runtime (HH:MM:SS)
ALL,0.49674242424242426,0.2215686274509804,0.2215686274509804,0.26129870129870125,0.4375,0.4666666666666667,0.4666666666666667,0.45161290322580644,14,14,18,16,49,18155441031,00:00:18
CLASSES,0.0,0.0,0.0,0.0,0.0,0.0,0.0,0.0,0,0,0,0,0,-,-
PROPERTIES,0.0,0.0,0.0,0.0,0.0,0.0,0.0,0.0,0,0,0,0,0,-,-
INSTANCES,0.49674242424242426,0.2215686274509804,0.22156862745098035,0.26129870129870125,0.4375,0.4666666666666667,0.4666666666666667,0.45161290322580644,14,14,18,16,49,-,-
