Type,Macro Precision (P),Macro Recall (R),Residual Macro Recall (R+),Macro F1,Micro Precision (P),Micro Recall (R),Residual Micro Recall (R+),Micro F1,"# of TP","# of Residual TP","# of FP","# of FN","# of Correspondences",Total Runtime,Total Runtime (HH:MM:SS)
ALL,0.31453962703962707,0.2941176470588235,0.29411764705882354,0.23807359307359305,0.3137254901960784,0.5,0.5,0.3855421686746988,16,16,35,16,81,13155447856,00:00:13
CLASSES,0.0,0.0,0.0,0.0,0.0,0.0,0.0,0.0,0,0,0,0,0,-,-
PROPERTIES,0.0,0.0,0.0,0.0,0.0,0.0,0.0,0.0,0,0,0,0,0,-,-
INSTANCES,0.31453962703962707,0.29411764705882354,0.29411764705882354,0.23807359307359305,0.3137254901960784,0.5,0.5,0.3855421686746988,16,16,35,16,81,-,-
