Type,Macro Precision (P),Macro Recall (R),Residual Macro Recall (R+),Macro F1,Micro Precision (P),Micro Recall (R),Residual Micro Recall (R+),Micro F1,"# of TP","# of Residual TP","# of FP","# of FN","# of Correspondences",Total Runtime,Total Runtime (HH:MM:SS)
ALL,0.314539627039627,0.2941176470588235,0.2941176470588235,0.2380735930735931,0.3137254901960784,0.5,0.5,0.3855421686746988,16,16,35,16,81,13589288599,00:00:13
CLASSES,0.0,0.0,0.0,0.0,0.0,0.0,0.0,0.0,0,0,0,0,0,-,-
PROPERTIES,0.0,0.0,0.0,0.0,0.0,0.0,0.0,0.0,0,0,0,0,0,-,-
INSTANCES,0.314539627039627,0.2941176470588235,0.2941176470588235,0.2380735930735931,0.3137254901960784,0.5,0.5,0.3855421686746988,16,16,35,16,81,-,-
