Type,Precision (P),Recall (R),Residual Recall (R+),F1,"# of TP","# of FP","# of FN","# of Correspondences",Time,Time (HH:MM:SS)
ALL,1.0,0.11764705882352941,0.11764705882352941,0.21052631578947367,2,0,15,2,16093015766,00:00:16
CLASSES,0.0,0.0,0.0,0.0,0,0,0,0,-,-
PROPERTIES,0.0,0.0,0.0,0.0,0,0,0,0,-,-
INSTANCES,1.0,0.11764705882352941,0.11764705882352941,0.21052631578947367,2,0,15,2,-,-
