Type,Precision (P),Recall (R),Residual Recall (R+),F1,"# of TP","# of FP","# of FN","# of Correspondences",Time,Time (HH:MM:SS)
ALL,1.0,0.11764705882352941,0.11764705882352941,0.21052631578947367,2,0,15,2,27251136377,00:00:27
CLASSES,0.0,0.0,0.0,0.0,0,0,0,0,-,-
PROPERTIES,0.0,0.0,0.0,0.0,0,0,0,0,-,-
INSTANCES,1.0,0.11764705882352941,0.11764705882352941,0.21052631578947367,2,0,15,2,-,-
