Type,Precision (P),Recall (R),Residual Recall (R+),F1,"# of TP","# of FP","# of FN","# of Correspondences",Time,Time (HH:MM:SS)
ALL,0.5,0.11764705882352941,0.11764705882352941,0.19047619047619047,2,2,15,4,1855699907,00:00:01
CLASSES,0.0,0.0,0.0,0.0,0,0,0,0,-,-
PROPERTIES,0.0,0.0,0.0,0.0,0,0,0,0,-,-
INSTANCES,0.5,0.11764705882352941,0.11764705882352941,0.19047619047619047,2,2,15,4,-,-
