Type,Precision (P),Recall (R),Residual Recall (R+),F1,"# of TP","# of FP","# of FN","# of Correspondences",Time,Time (HH:MM:SS)
ALL,0.016666666666666666,0.058823529411764705,0.058823529411764705,0.025974025974025976,1,59,16,60,3677780814998,01:01:17
CLASSES,0.0,0.0,0.0,0.0,0,0,0,0,-,-
PROPERTIES,0.0,0.0,0.0,0.0,0,0,0,0,-,-
INSTANCES,0.016666666666666666,0.058823529411764705,0.058823529411764705,0.025974025974025976,1,59,16,60,-,-
