Type,Precision (P),Recall (R),Residual Recall (R+),F1,"# of TP","# of FP","# of FN","# of Correspondences",Time,Time (HH:MM:SS)
ALL,1.0,0.16666666666666666,0.16666666666666666,0.2857142857142857,1,0,5,1,894779691,00:00:00
CLASSES,0.0,0.0,0.0,0.0,0,0,0,0,-,-
PROPERTIES,0.0,0.0,0.0,0.0,0,0,0,0,-,-
INSTANCES,1.0,0.16666666666666666,0.16666666666666666,0.2857142857142857,1,0,5,1,-,-
