Type,Precision (P),Recall (R),Residual Recall (R+),F1,"# of TP","# of FP","# of FN","# of Correspondences",Time,Time (HH:MM:SS)
ALL,0.4,0.11764705882352941,0.11764705882352941,0.1818181818181818,2,3,15,5,1426585965,00:00:01
CLASSES,0.0,0.0,0.0,0.0,0,0,0,0,-,-
PROPERTIES,0.0,0.0,0.0,0.0,0,0,0,0,-,-
INSTANCES,0.4,0.11764705882352941,0.11764705882352941,0.1818181818181818,2,3,15,5,-,-
