Type,Precision (P),Recall (R),Residual Recall (R+),F1,"# of TP","# of FP","# of FN","# of Correspondences",Time,Time (HH:MM:SS)
ALL,0.8461538461538461,0.6470588235294118,0.6470588235294118,0.7333333333333334,11,2,6,13,4042027970,00:00:04
CLASSES,0.0,0.0,0.0,0.0,0,0,0,0,-,-
PROPERTIES,0.0,0.0,0.0,0.0,0,0,0,0,-,-
INSTANCES,0.8461538461538461,0.6470588235294118,0.6470588235294118,0.7333333333333334,11,2,6,13,-,-
