Type,Precision (P),Recall (R),Residual Recall (R+),F1,"# of TP","# of FP","# of FN","# of Correspondences",Time,Time (HH:MM:SS)
ALL,0.3333333333333333,0.11764705882352941,0.11764705882352941,0.1739130434782609,2,4,15,6,130815581008,00:02:10
CLASSES,0.0,0.0,0.0,0.0,0,0,0,0,-,-
PROPERTIES,0.0,0.0,0.0,0.0,0,0,0,0,-,-
INSTANCES,0.3333333333333333,0.11764705882352941,0.11764705882352941,0.1739130434782609,2,4,15,6,-,-
