Type,Macro Precision (P),Macro Recall (R),Residual Macro Recall (R+),Macro F1,Micro Precision (P),Micro Recall (R),Residual Micro Recall (R+),Micro F1,"# of TP","# of Residual TP","# of FP","# of FN","# of Correspondences",Total Runtime,Total Runtime (HH:MM:SS)
ALL,0.34133653461384555,0.31232492997198885,0.31232492997198874,0.23404165493948773,0.04395604395604396,0.3333333333333333,0.3333333333333333,0.07766990291262137,8,8,174,16,218,9110091845862,02:31:50
CLASSES,0.0,0.0,0.0,0.0,0.0,0.0,0.0,0.0,0,0,0,0,0,-,-
PROPERTIES,0.0,0.0,0.0,0.0,0.0,0.0,0.0,0.0,0,0,0,0,0,-,-
INSTANCES,0.34133653461384555,0.31232492997198885,0.31232492997198885,0.23404165493948773,0.04395604395604396,0.3333333333333333,0.3333333333333333,0.07766990291262137,8,8,174,16,218,-,-
