Type,Precision (P),Recall (R),Residual Recall (R+),F1,"# of TP","# of FP","# of FN","# of Correspondences",Time,Time (HH:MM:SS)
ALL,0.013888888888888888,0.25,0.25,0.02631578947368421,1,71,3,72,543662747,00:00:00
CLASSES,0.0,0.0,0.0,0.0,0,1,0,1,-,-
PROPERTIES,0.0,0.0,0.0,0.0,0,15,0,15,-,-
INSTANCES,0.017857142857142856,0.25,0.25,0.03333333333333333,1,55,3,56,-,-
