Type,Precision (P),Recall (R),Residual Recall (R+),F1,"# of TP","# of FP","# of FN","# of Correspondences",Time,Time (HH:MM:SS)
ALL,0.26666666666666666,0.6666666666666666,0.6666666666666666,0.3809523809523809,4,11,2,15,944006156,00:00:00
CLASSES,0.0,0.0,0.0,0.0,0,0,0,0,-,-
PROPERTIES,0.0,0.0,0.0,0.0,0,0,0,0,-,-
INSTANCES,0.26666666666666666,0.6666666666666666,0.6666666666666666,0.3809523809523809,4,11,2,15,-,-
