Type,Precision (P),Recall (R),Residual Recall (R+),F1,"# of TP","# of FP","# of FN","# of Correspondences",Time,Time (HH:MM:SS)
ALL,0.02857142857142857,0.3333333333333333,0.3333333333333333,0.05263157894736842,2,68,4,70,1871236548530,00:31:11
CLASSES,0.0,0.0,0.0,0.0,0,0,0,0,-,-
PROPERTIES,0.0,0.0,0.0,0.0,0,0,0,0,-,-
INSTANCES,0.02857142857142857,0.3333333333333333,0.3333333333333333,0.05263157894736842,2,68,4,70,-,-
