Type,Precision (P),Recall (R),Residual Recall (R+),F1,"# of TP","# of FP","# of FN","# of Correspondences",Time,Time (HH:MM:SS)
ALL,0.04411764705882353,0.17647058823529413,0.17647058823529413,0.07058823529411765,3,65,14,68,3515473178473,00:58:35
CLASSES,0.0,0.0,0.0,0.0,0,0,0,0,-,-
PROPERTIES,0.0,0.0,0.0,0.0,0,0,0,0,-,-
INSTANCES,0.04411764705882353,0.17647058823529413,0.17647058823529413,0.07058823529411765,3,65,14,68,-,-
