Type,Precision (P),Recall (R),Residual Recall (R+),F1,"# of TP","# of FP","# of FN","# of Correspondences",Time,Time (HH:MM:SS)
ALL,0.16666666666666666,0.058823529411764705,0.058823529411764705,0.08695652173913045,1,5,16,6,132453911144,00:02:12
CLASSES,0.0,0.0,0.0,0.0,0,0,0,0,-,-
PROPERTIES,0.0,0.0,0.0,0.0,0,0,0,0,-,-
INSTANCES,0.16666666666666666,0.058823529411764705,0.058823529411764705,0.08695652173913045,1,5,16,6,-,-
