Type,Precision (P),Recall (R),Residual Recall (R+),F1,"# of TP","# of FP","# of FN","# of Correspondences",Time,Time (HH:MM:SS)
ALL,0.3333333333333333,0.058823529411764705,0.058823529411764705,0.1,1,2,16,3,1487509780,00:00:01
CLASSES,0.0,0.0,0.0,0.0,0,0,0,0,-,-
PROPERTIES,0.0,0.0,0.0,0.0,0,0,0,0,-,-
INSTANCES,0.3333333333333333,0.058823529411764705,0.058823529411764705,0.1,1,2,16,3,-,-
